"type","count"
Douglas C-47-DL (DC-3),461
Junkers Ju-52/3m,395
Antonov An-2R,357
Douglas Dakota III (DC-3),259
de Havilland Canada DHC-6 Twin Otter 300,244
Consolidated PBY-5A Catalina,216
Douglas C-47A-90-DL (DC-3),204
Douglas Dakota IV (DC-3),203
Cessna 208B Grand Caravan,201
Douglas C-47A-25-DK (DC-3),201
Douglas C-47 (DC-3),192
Consolidated PBY-5 Catalina,179
Antonov An-2,177
Douglas C-47A-80-DL (DC-3),175
Lisunov Li-2,142
Beechcraft 200 Super King Air,130
Douglas DC-3,126
Antonov An-26,126
Boeing 727,124
Douglas C-47A-20-DK (DC-3),119
Curtiss C-46A-40-CU Commando,105
Curtiss C-46A-45-CU Commando,103
Curtiss C-46D-10-CU Commando,103
Curtiss C-46D-5-CU Commando,103
Consolidated C-87 Liberator Express,101
Yakovlev Yak-40,101
Douglas C-47A-65-DL (DC-3),96
Douglas C-47A-75-DL (DC-3),96
Douglas C-47B-1-DL (DC-3),95
Douglas C-47D (DC-3),93
Douglas C-47A-85-DL (DC-3),91
Curtiss C-46F-1-CU Commando,90
Douglas C-47A-70-DL (DC-3),89
Douglas C-47B-5-DK (DC-3),84
Antonov An-2T,84
Douglas DC-3C,82
Douglas C-47A-30-DL (DC-3),80
Curtiss C-46D-15-CU Commando,79
de Havilland Canada DHC-3 Otter,79
Avro 685 York C.1,76
Douglas C-47A-1-DK (DC-3),75
Lockheed C-130E Hercules,74
Learjet 35A,72
Lockheed C-130H Hercules,70
Swearingen SA227-AC Metro III,70
Swearingen SA226-TC Metro II,68
Antonov An-24RV,67
Vickers Valetta C.1,67
Cessna 208 Caravan I,66
McDonnell Douglas DC-9-32,65
Antonov An-12,65
Antonov An-2TP,64
Douglas DC-6B,63
Douglas C-47A-30-DK (DC-3),63
Antonov An-12BP,62
Britten-Norman BN-2A Islander,62
Douglas C-47A-35-DL (DC-3),60
Douglas C-47A-50-DL (DC-3),60
Antonov An-12B,58
Let L-410UVP,57
Douglas DC-3A,57
Douglas C-47A-DL (DC-3),56
Antonov An-24B,56
Boeing KC-135A Stratotanker,56
Douglas R4D-5 (DC-3),56
Douglas DC-4,56
Douglas DC-6,55
Douglas C-47A-15-DK (DC-3),54
de Havilland Canada DHC-6 Twin Otter 200,54
Douglas C-47B-20-DK (DC-3),54
Ilyushin Il-18V,52
CASA 352 (Junkers Ju-52),52
Douglas C-47B-10-DK (DC-3),51
Cessna 500 Citation I,51
Fokker F-27 Friendship 600,51
Beechcraft B200 Super King Air,51
Fokker F-27 Friendship 200,50
Curtiss C-46A-35-CU Commando,50
Beechcraft A100 King Air,50
Consolidated C-109 Liberator Express,48
Cessna 208B Super Cargomaster,48
Lockheed C-130A Hercules,48
de Havilland Canada DHC-6 Twin Otter 100,48
Douglas C-47B-1-DK (DC-3),47
Junkers Ju-52/3mge,47
Embraer EMB-110P1 Bandeirante,46
Lockheed C-130B Hercules,45
Antonov An-24V,45
Fairchild C-119G Flying Boxcar,45
Curtiss C-46A-55-CK Commando,45
Amiot AAC.1 (Junkers Ju-52),45
Douglas C-47B-15-DK (DC-3),44
Fairchild C-123K Provider,44
Lockheed C-60A-5-LO Lodestar,43
Douglas C-124C Globemaster II,43
Douglas C-47A-10-DK (DC-3),43
unknown,42
Lockheed 18-56-23 Lodestar,40
Douglas C-47B-35-DK (DC-3),40
Curtiss C-46A-25-CU Commando,39
Fokker 100,39
Douglas C-47B-25-DK (DC-3),39
Douglas C-47A-20-DL (DC-3),39
Tupolev Tu-134A,39
Antonov An-2P,37
Lisunov PS-84,37
Antonov An-32,37
Douglas R4D-1 (DC-3),37
de Havilland Canada DHC-4A Caribou,37
Beechcraft 1900D,36
Ilyushin Il-76TD,36
McDonnell Douglas DC-9,36
CASA C-212 Aviocar 200,36
Tupolev Tu-134,36
McDonnell Douglas DC-9-31,35
Canadian Vickers PBV-1A Canso A (PBY-5A),35
Antonov An-32B,35
Douglas C-47A-DK (DC-3),35
Douglas C-53 Skytrooper (DC-3),35
Convair CV-580,34
Lockheed L-100-30 Hercules,34
Curtiss C-46,34
Cessna 550 Citation II,34
Douglas DC-4-1009,34
Curtiss C-46A-20-CU Commando,34
Antonov An-26B,33
Douglas C-53-DO (DC-3),33
Beechcraft 99 Airliner,33
Fairchild C-82A Packet,33
Antonov An-28,33
Douglas C-47A-5-DK (DC-3),33
Short Sunderland GR.5,33
Ilyushin Il-14,33
Tupolev Tu-154M,32
McDonnell Douglas DC-8,32
Douglas C-47A-40-DL (DC-3),32
Short Sunderland III,31
Learjet 23,31
Tupolev Tu-154,31
Douglas C-47D,31
Curtiss C-46 Commando,31
Grumman G-159 Gulfstream I,30
Britten-Norman BN-2A-26 Islander,30
Nord 2501 Noratlas,30
Britten-Norman BN-2A-21 Islander,30
Fokker F-28 Fellowship 4000,29
Short Sunderland I,29
Douglas C-54A-15-DC (DC-4),29
Antonov An-24,29
Curtiss C-46D-20-CU Commando,29
Canadair CL-215-1A10,29
Fokker F-27 Friendship 400M,29
Curtiss C-46A-30-CU Commando,29
Grumman G-73 Mallard,28
Ilyushin Il-12,28
Curtiss C-46A-15-CU Commando,28
Ford 5-AT-C Tri-Motor,28
Curtiss C-46A-5-CU Commando,28
Boeing 707,28
Fokker F-27 Friendship 100,28
Martin 4-0-4,28
Douglas C-47B-30-DK (DC-3),28
McDonnell Douglas DC-9-82 (MD-82),28
Fokker 50,28
Lockheed P-2H Neptune,27
Cessna 501 Citation I/SP,27
Douglas C-47A-45-DL (DC-3),27
Ford 5-AT-B Tri-Motor,26
Nord 2501D Noratlas,26
Lockheed L-188A Electra,26
Boeing 737,26
Fairchild C-119 Flying Boxcar,26
Curtiss C-46A-50-CU Commando,26
Vickers Varsity T.1,26
Dassault Falcon 20C,25
Learjet 25B,25
Britten-Norman BN-2A-6 Islander,25
Curtiss C-46A-60-CK Commando,25
Douglas C-53D Skytrooper (DC-3),25
Lockheed L-1049H Super Constellation,25
de Havilland Canada DHC-5D Buffalo,24
Ilyushin Il-14M,24
Fokker F-27 Friendship 500,24
Tupolev Tu-154B-2,24
IAI Arava 201,24
Douglas C-54B-1-DC (DC-4),24
Fairchild F-27,24
Boeing 737-200,24
Lockheed L-749A Constellation,24
Ilyushin Il-14P,24
Ford 4-AT-B Tri-Motor,24
Douglas C-47B-45-DK (DC-3),24
Douglas R4D-6 (DC-3),23
Fokker F-28 Fellowship 1000,23
Consolidated PBY-6A Catalina,23
Douglas DC-7C,23
Douglas C-47A-60-DL (DC-3),23
Antonov An-12BK,23
Ilyushin Il-76MD,23
Fairchild C-119C Flying Boxcar,23
Ilyushin Il-12P,22
Douglas DC-7CF,22
Handley Page Hastings C.1,22
Lockheed P2V-5 Neptune,22
Sud Aviation SE-210 Caravelle III,22
Douglas DC-6A,22
Douglas C-54A-DO (DC-4),22
Harbin Yunshuji Y-12 II,21
McDonnell Douglas DC-10-30,21
Vickers 610 Viking 1B,21
Convair CV-240-0,21
Tupolev Tu-104B,21
Let L-410UVP-E,21
Dassault Falcon 10,21
Douglas VC-47D (DC-3),21
Airbus A320-232,21
IRMA/Britten-Norman BN-2A-21 Islander,21
Douglas C-118A (DC-6),21
Douglas DC-6BF,20
Beechcraft 1900C,20
McDonnell Douglas DC-9-83 (MD-83),20
Lisunov Li-2P,20
Airbus A320-214,20
Britten-Norman BN-2A-8 Islander,20
Convair CV-440,20
Ilyushin Il-18D,20
Learjet 25D,19
Consolidated Catalina,19
Ilyushin Il-18B,19
Lockheed L-1049G Super Constellation,19
de Havilland DH.86 Express,19
Lockheed P-3A Orion,19
Reims Cessna F406 Caravan II,19
Lisunov Li-2T,19
Douglas DC-3D,19
Consolidated PBY-2 Catalina,19
Embraer EMB-120RT Brasilia,19
Douglas AC-47D Spooky,19
Fairchild FH-227B,18
Sud Aviation SE-210 Caravelle VI-N,18
Lockheed 14-H2 Super Electra,18
Douglas DC-7B,18
Lockheed P2V-7 Neptune,18
Beechcraft 1900C-1,18
McDonnell Douglas MD-11F,18
Douglas C-47A-5-DL (DC-3),18
Learjet 24D,18
Beechcraft B100 King Air,18
Fokker F.10A,18
de Havilland Canada U-1A Otter (DHC-3),18
Lockheed L-049 Constellation,18
Douglas C-53 (DC-3),18
Antonov An-8,18
Douglas DC-2-112,18
Beechcraft 100 King Air,18
Swearingen SA226-AT Merlin IV,17
Beechcraft C99 Commuter,17
Shorts 330-200,17
Vickers 745D Viscount,17
Britten-Norman BN-2 Islander,17
Douglas C-47A-1-DL (DC-3),17
Airbus A321-231,17
Douglas C-54D-10-DC (DC-4),17
de Havilland DH-114 Heron 1B,17
GAF Nomad N.22B,17
Tupolev Tu-134A-3,17
Douglas C-53D-DO (DC-3),16
Antonov An-2M,16
Airbus A320-211,16
British Aerospace BAe-125-700A,16
Learjet 35,16
Douglas C-47B-40-DK (DC-3),16
Boeing 707-321C,16
ATR 42-320,16
Douglas VC-47A (DC-3),16
Shorts SC.7 Skyvan 3-100,16
Saab 340B,16
Ilyushin Il-62M,16
Lockheed P2V-2 Neptune,16
de Havilland Canada C-7B Caribou,16
ATR 72-212A (ATR-72-500),16
Boeing 737-2A8,16
de Havilland Canada DHC-8-402Q Dash 8,16
Lockheed L-100-20 Hercules,16
Short S.23 Empire Flying Boat Mk I,16
Lockheed L-1011 TriStar,15
Lockheed C-60A-1-LO Lodestar,15
de Havilland Canada DHC-3T Vazar Turbine Otter,15
Bristol 170 Freighter 21E,15
Dornier 228-201,15
Tupolev Tu-104A,15
Dornier Do 28D-1 Skyservant,15
Short Sunderland,15
Antonov An-2SX,15
Britten-Norman BN-2A Trislander Mk.III-2,15
Beechcraft 300 Super King Air,15
Boeing 747,15
de Havilland Canada DHC-6 Twin Otter 310,15
Beechcraft 99A Airliner,15
Canadair CL-600-2B19 Regional Jet CRJ-200ER,15
Hindustan Aeronautics Ltd. HAL-748-224 Srs. 2,15
Douglas C-54D-5-DC (DC-4),15
Airbus A320-231,15
Sud Aviation SE-210 Caravelle VI-R,14
Junkers Ju-52/3mg4e,14
Saab 340A,14
Airbus A300B4-203,14
Cessna 525 CitationJet,14
Rockwell 1121 Jet Commander,14
Basler BT-67 Turbo 67 (DC-3T),14
Canadair CL-215-6B11 (CL-415),14
Lockheed 14-WF62 Super Electra,14
Embraer EMB-120ER Brasilia,14
Dornier Do 28D-2 Skyservant,14
Antonov An-12TB,14
Lockheed P-3B Orion,14
Learjet 24,14
British Aerospace 3101 Jetstream 31,14
Curtiss C-46A-10-CU Commando,14
Farman F.60 Goliath,14
Bristol 170 Freighter 21,13
Lockheed L-188AF Electra,13
Bristol 170 Freighter 31M,13
Shorts SC.7 Skyvan 3-200,13
Boeing 737-8AS (WL),13
Beechcraft 200C Super King Air,13
Curtiss C-46A-5-CK Commando,13
Lockheed L-188C Electra,13
Embraer EMB-110C Bandeirante,13
Tupolev Tu-124V,13
Ford 4-AT-E Tri-Motor,13
Yakovlev Yak-40K,13
GAF Nomad N.24A,13
Britten-Norman BN-2A-27 Islander,13
Douglas DC-7,13
Cessna T-47A Citation II,13
IRMA/Britten-Norman BN-2A-9 Islander,12
McDonnell Douglas DC-8-61,12
Douglas C-54A-1-DO (DC-4),12
Douglas C-124A-DL Globemaster II,12
Ford 5-AT-D Tri-Motor,12
Learjet 60,12
Rockwell Sabreliner 75A,12
McDonnell Douglas DC-8-63CF,12
Antonov An-2V,12
McDonnell Douglas DC-10-10,12
Dornier 328-110,12
IRMA/Britten-Norman BN-2A-27 Islander,12
Douglas C-54A-10-DC (DC-4),12
Martin 2-0-2,12
Lockheed C-141B Starlifter,12
Britten-Norman BN-2A-3 Islander,12
Boeing 707-321B,12
Short Sunderland MR.5,12
Morane Saulnier MS.760 Paris I,12
Canadian Vickers PBV-1A Canso (PBY-5A),12
North American Sabreliner 40,12
Avro 685 York I,12
Britten-Norman BN-2A-20 Islander,12
Lockheed P-3C Orion,11
Boeing 707-300,11
Let L-410M,11
Junkers Ju-52/3mfe,11
Learjet 25,11
Learjet 55,11
Douglas C-54A-5-DO (DC-4),11
Douglas DC-2-115E,11
de Havilland Canada CV-2B Caribou,11
Douglas R5D-3 (DC-4),11
Lockheed 18-10 Lodestar,11
Avro Shackleton MR.2,11
Boeing 737-4Y0,11
Airbus A310-304,11
Xian MA60,11
Douglas C-47B-50-DK (DC-3),11
Cessna S550 Citation S/II,11
Convair CV-990-30A-5 Coronado,11
de Havilland DH-106 Comet 4,11
de Havilland Canada DHC-3T Texas Turbine Otter,11
Beechcraft B200 King Air,11
Curtiss C-46E-1-CS Commando,11
McDonnell Douglas MD-11,11
Boeing-Canada PB2B-1 Canso A (PBY-5A),11
IAI 1124A Westwind II,10
ATR 42-300,10
Boeing-Canada PB2B-1 Catalina,10
de Havilland Canada DHC-6 Twin Otter,10
Lockheed 18-50 Lodestar,10
ATR 72-212,10
Dassault Falcon 20F,10
de Havilland DH-114 Heron 2D,10
Let L-410UVP-E3,10
Douglas C-54A-5-DC (DC-4),10
SNCASE SE.161/P7 Languedoc,10
McDonnell Douglas DC-9-15,10
Boeing 707-323C,10
CASA C-212 Aviocar 100,10
Tupolev Tu-154B-1,10
Scottish Aviation Twin Pioneer CC.1,10
Consolidated C-10A Catalina (PBY-5A),10
ATR 72-202,10
Lockheed WV-2 Super Constellation,10
de Havilland Canada C-7A Caribou,10
Rockwell Sabreliner 60,10
Grumman C-2A Greyhound,10
Dornier 228-212,10
Beechcraft Beechjet 400A,10
Lockheed 18-08-01 Lodestar,10
Scottish Aviation Twin Pioneer 1,10
Morane Saulnier (FMA) MS.760 Paris I,10
McDonnell Douglas MD-88,10
Lockheed KC-130F Hercules,10
Fairchild C-119B Flying Boxcar,10
Ilyushin Il-62,10
Douglas DC-6A/B,10
Handley Page Hastings C.2,10
Lockheed 14-H Super Electra,10
Shorts SC.7 Skyvan 3M-400,9
Howard Super Ventura,9
Douglas DC-2-120,9
Vickers 785D Viscount,9
British Aerospace 3102 Jetstream 31,9
Cessna 525A CitationJet CJ2,9
Lockheed L-100 Hercules,9
Boeing 737-4Q8,9
Cessna 650 Citation III,9
Short S.25 Sunderland 3,9
Handley Page Marathon T.2,9
Curtiss C-46A Commando,9
Cessna 551 Citation II/SP,9
Howard 350,9
Lockheed 18-40-11 Lodestar,9
BAC One-Eleven,9
McDonnell Douglas DC-8-62,9
Lockheed 18-56 Lodestar,9
Lockheed L-1011 TriStar 1,9
Ilyushin Il-76M,9
Vickers Viscount,9
Vickers 615 Viking 1B,9
Fairchild F-27A,9
Learjet 25C,9
Tupolev Tu-134AK,9
Raytheon 390 Premier I,9
Lockheed C-130 Hercules,9
Boeing 720-023B,9
Douglas DC-3 (Nakajima L2D),9
IAI 1124 Westwind,9
Cessna 560 Citation V,9
Vickers 806 Viscount,9
Savoia-Marchetti SM-75,9
de Havilland DH-106 Comet 4C,9
IRMA/Britten-Norman BN-2A-20 Islander,9
Fairchild C-82A-FA Packet,9
Douglas DC-3-178,9
Avro RJ100,9
Curtiss C-46 Super C,9
Lockheed P2V Neptune,9
Avro 691 Lancastrian C.1,9
Curtiss R5C-1 Commando (C-46A),9
ATR 72-212A (ATR-72-600),9
Curtiss C-46F Commando,9
Sud-Aviation SE-210 Caravelle,9
de Havilland DH.86A Express,9
Antonov An-10A,9
Let L-410UVP-E9,9
Douglas C-33 (DC-2),9
Douglas C-47A-15-DL (DC-3),9
Douglas C-54D-1-DC (DC-4),9
Gulfstream G-IV,9
Shorts 360-100,9
Lockheed L-1649A Starliner,9
Grumman SA-16A Albatross,9
Lockheed 18 Learstar I,9
Lockheed SP-2H Neptune,8
de Havilland Canada DHC-7-102,8
Hawker Siddeley HS-121 Trident 2E,8
Douglas C-47B-28-DK (DC-3),8
Douglas C-47A-90-DL (DC-3C),8
SNCASE SE.161 Languedoc,8
Vickers 701 Viscount,8
Douglas DC-3-194B,8
Douglas C-47A-30-DK (DC-3C),8
Lockheed L-188CF Electra,8
Convair CV-240-2,8
Aérospatiale SN.601 Corvette,8
Ilyushin Il-18,8
de Havilland Canada C-115 Buffalo (DHC-5),8
Douglas C-54-DO (DC-4),8
Shorts 360-300,8
Boeing 737-2A1,8
Douglas DC-2-243,8
McDonnell Douglas DC-9-81 (MD-81),8
Douglas C-39 (DC-2),8
Vickers 802 Viscount,8
Boeing 727-59,8
de Havilland Canada DHC-8-301,8
MBB HFB-320 Hansa Jet,8
Douglas DC-9-14,8
Boeing 727-21,8
Grumman HU-16E Albatross,8
Learjet 36A,8
Avro 691 Lancastrian C.3,8
Junkers Ju-52/3mte,8
Douglas DC-8-54F,8
Lockheed P2V-3 Neptune,8
Yakovlev Yak-42,8
Let L-410UVP-E20,8
Aviation Traders ATL-98 Carvair,8
Airspeed AS.57 Ambassador 2,8
Britten-Norman BN-2A-7 Islander,8
Curtiss R5C-1 Commando (C-46),8
Beechcraft 300 Super King Air 350,8
Bristol 170 Freighter 31,8
Embraer EMB-145LR (ERJ-145LR),8
Learjet 24B,8
Blackburn Beverley C.1,8
Beechcraft B300 Super King Air 350,8
Boeing 747-121,8
Airbus A300,8
Douglas Dakota I (DC-3),8
Martin PBM-5 Mariner,8
Embraer EMB-110P Bandeirante,8
Junkers G.24,8
Boeing 737-222,8
Antonov An-26B-100,7
Convair CV-440-86,7
Embraer EMB-110P2 Bandeirante,7
Douglas R6D-1 (DC-6),7
Grumman American G-1159 Gulfstream II,7
Swearingen SA227-DC Metro 23,7
Boeing 720-047B,7
Avro 748-105 Srs. 1,7
Grumman HU-16B Albatross,7
Douglas C-54G-1-DO (DC-4),7
Handley Page HP.81 Hermes IVA,7
Beechcraft 300 Super King Air 350ER,7
Boeing KC-97G Stratofreighter,7
British Aerospace BAe-125-700B,7
Canadair CL-600-2B19 Regional Jet CRJ-200LR,7
Mitusbishi Mu-300 Diamond IA,7
Fokker F-27 Friendship 400,7
Douglas R4D-8 (Super DC-3),7
Grumman G-1159 Gulfstream II,7
IRMA/Britten-Norman BN-2A Islander,7
Airbus A321-211,7
Embraer ERJ 190-100 IGW (ERJ-190AR),7
Avro Shackleton MR.3,7
Dassault Falcon 20D,7
PZL-Mielec M28 Skytruck,7
Douglas C-49J,7
Bristol 170 Freighter 31E,7
Ford 4-AT-A Tri-Motor,7
Canadair CL-600-2B19 Regional Jet CRJ-100ER,7
Tupolev Tu-154B,7
Convair CV-640,7
Cessna 650 Citation VII,7
Antonov An-12A,7
IRMA/Britten-Norman BN-2A-26 Islander,7
Boeing 737-3Y0,7
Convair CV-880-22-2,7
Convair CV-440-11,7
Ilyushin Il-76T,7
Douglas C-124A Globemaster II,7
Avia 14,7
Ilyushin Il-86,7
McDonnell Douglas DC-8-63F,7
Boeing 707-373C,7
Dassault Falcon 20E,7
Vickers 757 Viscount,7
Airbus A300B4-622R,7
Canadair C-54GM North Star,7
Breguet 1150 Atlantic,7
de Havilland Canada DHC-8-402 Q400,7
Douglas DC-8-43,7
Boeing 747-237B,7
McDonnell Douglas MD-83,7
Lockheed C-60A Lodestar,7
Lockheed L-1049 Super Constellation,7
Beechcraft B200C Super King Air,7
Britten-Norman BN-2A Trislander Mk.III-1,7
de Havilland DH.86B Express,7
Dassault Falcon 50,7
Latécoère 631,6
Embraer C-95 Bandeirante (EMB-110),6
Airbus A319-111,6
Fairchild F-27F,6
de Havilland Canada DHC-8-102,6
Douglas C-47A-25-DL (DC-3),6
Boeing 727-281,6
Boeing 707-366C,6
Morane Saulnier MS.760B Paris II,6
Douglas DC-3-313,6
de Havilland  DH-106 Comet 4,6
IRMA/Pilatus Britten-Norman BN-2A-26 Islander,6
Cessna 208A Caravan I,6
Sud Aviation SE-210 Caravelle 10R,6
Douglas DC-2-118B,6
Boeing 727-2F2,6
Douglas EC-47Q,6
Douglas EC-47P,6
Beechcraft B99 Airliner,6
Convair CV-440-62,6
IRMA/Britten-Norman BN-2A-8 Islander,6
Douglas C-54D-15-DC (DC-4),6
Canadair CL-600-2B16 Challenger 604,6
Lockheed C-5A Galaxy,6
Vickers 768D Viscount,6
Boeing 707-327C,6
Alenia G-222TCM,6
Martin P5M-1 Marlin,6
ATR 42-500,6
Douglas DC-8-55F,6
Cessna 208B Grand Caravan EX,6
Douglas C-47A-30-DK Dakota III,6
Douglas DC-3A-197,6
Vickers 708 Viscount,6
Boeing 737-33A,6
Savoia-Marchetti S.73,6
Douglas C-54 (DC-4),6
Lockheed 18 Learstar,6
Martin PBM-5A Mariner,6
Tupolev Tu-154A,6
FMA IA 50 Guaraní II,6
Junkers Ju-52,6
IRMA/Britten-Norman BN-2A-6 Islander,6
CASA/Nurtanio NC-212-AB4 Aviocar 200,6
de Havilland Canada UC-1 Otter (DHC-3),6
Douglas C-54B-5-DO (DC-4),6
Boeing 707-351C,6
ATR 42-312,6
Fairchild C-123B-18-FA Provider,6
Short Sunderland GR.3,6
Boeing 737-2A8 Advanced,6
Lockheed C-141A-LM Starlifter,6
British Aerospace BAe-146-200,6
Sud Aviation SE-210 Caravelle 10B3,6
Avro Shackleton MR.1,6
Boeing 727-231,6
Airbus A300B4-203F,6
Douglas C-54B-15-DO (DC-4),6
Consolidated PBY-4 Catalina,6
McDonnell Douglas DC-9-14,6
Lockheed 18-56-24 Lodestar,6
Howard 500,6
Embraer EMB-110 Bandeirante,6
Lockheed P2V-3W Neptune,6
Canadair CL-44D4-2,6
Lockheed Hercules C.1 (C-130K),6
Junkers Ju-52/3mg3e,6
McDonnell Douglas DC-10-30CF,6
Cessna 560 Citation Ultra,6
Fokker F-27 Friendship,6
Douglas C-49J (DC-3),6
Airbus A320-212,6
Hawker Siddeley HS-121 Trident 1C,6
Shin Meiwa PS-1,6
Hawker Siddeley HS-748-235 Srs. 2A,6
Boeing 720,6
Embraer EMB-500 Phenom 100,6
Lockheed Neptune MR.1,6
Dewoitine D.338,6
Douglas C-54E-5-DO (DC-4),6
Airbus A300B4-605R,6
Douglas DC-3A-191,6
Douglas C-54B-10-DO (DC-4),6
Dornier 228-202,5
Fairchild C-123B-19-FA Provider,5
Boeing 707-437,5
Airbus A300B2-203,5
Vickers 812 Viscount,5
Convair CV-580F,5
Boeing 377 Stratocruiser 10-26,5
Boeing 737-7H4 (WL),5
Britten-Norman BN-2B-26 Islander,5
Hawker Siddeley HS-125-1A-522,5
Douglas C-47A-75-DL Skytrain,5
Boeing 727-46,5
Canadair DC-4M2 North Star,5
Bristol 170 Freighter IA,5
Douglas DC-2-118A,5
Boeing 737-2T4,5
North American T-39A Sabreliner,5
SNCASO SO.30P Bretagne,5
Cessna 560 Citation Encore,5
Howard 250,5
Airbus A319-114,5
Gulfstream Aerospace G-1159 Gulfstream III,5
VEB 14P,5
Embraer EMB-505 Phenom 300,5
North American T-39A-1-NA Sabreliner,5
Douglas C-54G-5-DO (DC-4),5
Junkers Ju-52/3mce,5
Aero Modifications AMI DC-3-65TP,5
Boeing KC-135R Stratotanker,5
Boeing 727-225,5
Hawker Beechcraft 390 Premier IA,5
Scottish Aviation Twin Pioneer 3,5
ATR 72-600 (72-212A),5
Volpar Turboliner II,5
Antonov An-2TD,5
Lockheed EC-121K Super Constellation,5
Douglas DC-2-115B,5
McDonnell Douglas DC-9-51,5
Lockheed 18-10-01 Lodestar,5
Douglas C-47A-65-DL Skytrain,5
Douglas R4D-3 (DC-3),5
IRMA/Britten-Norman BN-2A-3 Islander,5
Boeing 747-136,5
de Havilland DH.66 Hercules,5
Douglas C-48B (DC-3),5
Ilyushin Il-76,5
Antonov An-10,5
Rockwell T-39D Sabreliner,5
Armstrong Whitworth AW-660 Argosy C.1,5
Boeing 737-247,5
Douglas DC-9-15,5
Douglas DC-3A-228C,5
Cessna 525A CitationJet CJ2+,5
Douglas C-47A-65-DL (DC-3C),5
de Havilland DH.91 Albatross,5
Embraer C-95B Bandeirante (EMB-110),5
CASA/Nurtanio NC-212-A4 Aviocar 100,5
Lockheed PV-2 Harpoon,5
Scottish Aviation Twin Pioneer 2,5
Lockheed 414-08 Hudson IVA,5
Douglas C-47A (DC-3),5
Douglas R5D-2 (DC-4),5
PADC/Pilatus Britten-Norman BN-2A-26 Islander,5
Boeing 727-22,5
Britten-Norman BN-2A-9 Islander,5
Yakovlev Yak-42D,5
Antonov An-22,5
Transall C-160D,5
Fairchild F-27J,5
CASA/Nurtanio NC-212 Aviocar 100,5
Canadian Vickers OA-10A Canso A (PBY-5A),5
Bristol 170 Freighter 21P,5
Eclipse 500,5
NAMC YS-11A-202,5
Boeing S.307B-1 Stratoliner,5
Handley Page HP.42E,5
Shorts 330-100,5
Avia 14T,5
Douglas C-47A-20-DK Skytrain,5
Rockwell 1121B Jet Commander,5
Boeing 707-324C,5
IRMA/Pilatus Britten-Norman BN-2A-21 Islander,5
Douglas SC-47A,5
Boeing 707-331B,5
Lockheed L-188PF Electra,5
Pilatus Britten-Norman BN-2B-26 Islander,5
de Havilland Canada DHC-8-103,5
Britten-Norman BN-2A Trislander Mk.III,5
Douglas DC-8-53,5
Beechcraft 300LW Super King Air,5
Tupolev G-2,5
Boeing-Canada PB2B-2 Catalina,5
Antonov An-32A,5
Learjet C-21A (Learjet 35A),5
Convair CV-240-1,5
Curtiss C-46A-1-CU Commando,5
McDonnell Douglas DC-9-41,5
Canadair CL-600-2A12 Challenger 601,5
Cessna 525C Citation CJ4,5
Canadair CL-600-2B16 Challenger 601-3A,5
Lockheed RB-69A Neptune,5
Douglas C-54A-1-DC (DC-4),5
Kaiser-Frazer C-119G Flying Boxcar,5
Fairchild C-123B-13-FA Provider,5
Convair CV-880-22M-3,5
Lockheed AC-130A Spectre,5
Canadair CC-106 Yukon (CL-44),5
Lockheed 18 Learstar II,5
Learjet 31,5
Boeing 707-331C,5
Douglas R5D-1 (DC-4),5
Boeing 727-230,5
Consolidated 16 Commodore,5
Lockheed 14-08 Super Electra,5
Saab 2000,5
Convair CV-240-23,5
Airbus A330-243,5
Antonov An-24T,5
Scottish Aviation Twin Pioneer CC.2,5
Douglas C-49K (DC-3),5
Douglas R4D-7 (DC-3),5
Douglas TS-62 (DC-3),5
Boeing 737-823 (WL),5
Convair CV-600,5
Cessna 525 CitationJet CJ1,5
Convair CV-240-6,5
Fiat G.212CP,5
Boeing 737-287C,5
Lockheed 18-08A Lodestar,5
Vickers Valetta T.3,5
Farman F.63bis Goliath,5
Transall C-160NG,5
Airbus A300B2-101,5
Curtiss T-32C Condor II,5
Learjet 24A,5
Boeing 707-123B,5
Avia 14-32A,5
Cessna 208A Cargomaster,5
IAI 1123 Westwind,5
Lockheed CC-130E Hercules,5
British Aerospace BAe-146-300,5
Vickers 804 Viscount,4
Hawker Siddeley HS-748-234 Srs. 2A,4
Lockheed MC-130H Combat Talon II,4
Boeing C-97A Stratofreighter,4
McDonnell Douglas DC-10-30F,4
Airbus A330-223,4
British Aerospace 3112 Jetstream 31,4
Savoia-Marchetti SM-75C,4
Boeing 727-200,4
Boeing 727-23,4
Airbus A340-313,4
British Aerospace 4101 Jetstream 41,4
Douglas LC-47H,4
de Havilland DH-106 Comet 1,4
Lockheed L-1329 JetStar I,4
Convair CV-240-12,4
Volpar Turboliner,4
Antonov An-74,4
CASA/Nurtanio NC-212 Aviocar 200,4
Lockheed P-3C AIP Orion,4
Antonov An-26-100,4
Douglas C-47B-DK (DC-3),4
Gulfstream American G-1159 Gulfstream II,4
Fokker F.10,4
Douglas DC-3-194D,4
Lockheed P2V-6 Neptune,4
Viking Air DHC-6 Twin Otter 400,4
CASA C-212-M Aviocar 300,4
Canadair C-4 Argonaut,4
Learjet 24F,4
Britten-Norman BN-2A-21 Islander,4
Boeing 727-2B6,4
Convair CV-240-4,4
Vickers Valentia,4
de Havilland Canada DHC-8-311,4
CASA C-212 Aviocar 300,4
Boeing 727-228,4
Lockheed R7V-1 Super Constellation,4
NAMC YS-11A-213,4
Fokker F-27 Friendship 500F,4
Fairchild AC-119K Stinger,4
Boeing 707-124,4
CASA/IPTN NC-212 Aviocar 200,4
Antonov,4
Shorts S.45 Solent 3,4
Antonov An-74-200,4
Sikorsky S-42B,4
Antonov An-30B,4
Grumman HU-16C Albatross,4
Convair CV-880,4
Fairchild F-27M,4
Hawker Siddeley HS-748-222 Srs. 2,4
Dornier 228-100,4
Hawker Siddeley HS-748-245 Srs. 2A,4
Boeing 737-230,4
Boeing 737-8BK (WL),4
Junkers Ju-52/3mg8e,4
North American Rockwell Sabreliner 60,4
Lockheed L-1329-25 JetStar II,4
Vickers 754D Viscount,4
Canadair CL-44D4-1,4
Dassault Falcon 900,4
Boeing 727-235,4
Douglas DC-3 (R4D-1),4
Lockheed C-121J Super Constellation,4
Boeing 727-224,4
Lockheed 18 Lodestar,4
Boeing 737-291,4
Bombardier BD-700-1A10 Global Express,4
Boeing 707-330C,4
Let L-410A,4
Boeing 707-349C,4
Boeing 737-281,4
Lockheed P-2E Neptune,4
Boeing-Canada Catalina IVB (PBY-5A),4
Hawker Siddeley HS-748-209 Srs. 2,4
Tupolev Tu-124,4
Hawker Siddeley HS-125-400B,4
Airbus A300C4-620,4
Fairchild C-123B-12-FA Provider,4
Chase YC-122C Avitruc,4
Convair C-131E (CV-440),4
Boeing 747-436,4
Boeing 737-2M2,4
Boeing 720-030B,4
Learjet 25XR,4
Potez 62,4
Boeing S.307 Stratoliner,4
Cessna 750 Citation X,4
Lockheed C-130J-30 Super Hercules,4
Lockheed SP-2E Neptune,4
Ilyushin Il-18E,4
Fokker F-28 Fellowship 3000,4
Dassault Falcon 20DC,4
Armstrong Whitworth AW-650 Argosy 222,4
Douglas DC-3 Hiper,4
Antonov An-22A,4
Lockheed Ventura,4
Douglas C-47A-15-DK Skytrain,4
Hawker Siddeley HS-121 Trident 1E,4
Douglas C-47B (DC-3),4
Hawker Siddeley HS-780 Andover C.1,4
Lockheed P-15 Neptune (P2V-5),4
Convair CV-240-13,4
IRMA/Britten-Norman BN-2A-7 Islander,4
Boeing 737-275,4
Airbus A330-323,4
Grumman UF-1G Albatross,4
Fairchild C-123B-17-FA Provider,4
Macchi M.C.94-II,4
Lockheed EC-121M Super Constellation,4
Lockheed L-749 Constellation,4
Consolidated P4Y-2 Privateer,4
Dornier 228-101,4
Avro RJ85,4
Lockheed HC-130P Combat King,4
Lockheed P2V-4 Neptune,4
Sikorsky S-43B,4
British Aerospace ATP,4
Airbus A330-202,4
HAL/Dornier 228-201,4
Hawker 800XP,4
Savoia-Marchetti SM-75 bis,4
Vickers 815 Viscount,4
Boeing 707-3J9C,4
Airbus A321-131,4
Douglas DC-8-33,4
Boeing 707-336C,4
Douglas DC-3A-269,4
Junkers Ju-52/3msai,4
Douglas DC-3-277C,4
Douglas SC-47D (DC-3),4
Airbus A310-324,4
Embraer EMB-135LR (ERJ-135LR),4
Vickers 837 Viscount,4
Grumman G-73T Turbo Mallard,4
Fokker F-27 Friendship 500RF,4
Learjet 45,4
Lockheed 18-07-01 Lodestar,4
Douglas DC-3-277B,4
Dornier 228-202K,4
Beechcraft 200T Super King Air,4
Lockheed C-130H-30 Hercules,4
Vickers 828 Viscount,4
Boeing 707-345C,4
Sabca Savoia-Marchetti S.73P,4
Sud Aviation SE-210 Caravelle 11R,4
Antonov An-124-100,4
NAMC YS-11,4
Douglas DC-8-51,4
Lockheed HC-130H Hercules,4
Boeing 377 Stratocruiser 10-29,4
Morane Saulnier (FMA) MS.760A Paris IA,4
de Havilland DH.95 Flamingo,4
Curtiss C-46R Commando,4
Consolidated Catalina I,4
Boeing 707-436,4
Fokker F.VIII,4
Bombardier BD-700-1A11 Global 5000,4
Boeing 707-329,4
Bombardier DHC-8-402Q Dash 8,4
Canadair CL-600-1A11 Challenger 600,4
de Havilland Canada DHC-6 Vista Liner 300,4
Fairchild C-119C-17-FA Flying Boxcar,4
Antonov An-72,4
Douglas C-54G-10-DO (DC-4),4
Hawker Siddeley HS-125-600B,4
Rockwell Sabreliner 65,4
Antonov An-24TV,4
Boeing 737-2R4C,4
Curtiss AT-32A Condor II,4
Convair CV-440-38,4
Curtiss Condor 18,4
IRMA/Britten-Norman BN-2A-21 Defender,4
Boeing 737-2H6,4
CASA C-212-M Aviocar 200,4
Dornier Do 128-6 Turbo Skyservant,4
Boeing 707-328,4
Antonov An-26RT,4
Boeing 727-260,4
Fairchild C-82A-20-FA Packet,4
Douglas C-117D Super DC-3,4
Lockheed L-1049C Super Constellation,4
Boeing 727-256,4
Ford 5-AT-.  Tri-Motor,4
Hawker Siddeley HS-125-3B,3
Armstrong Whitworth AW.15 Atalanta,3
Swearingen SA227-AT Expediter,3
Douglas DC-8-33F,3
SNCASE SE.2010 Armagnac,3
Junkers G.31go,3
Embraer P-95 Bandeirulha (EMB-111A),3
Convair CV-580F SCD,3
NAMC YS-11A-500,3
British Aerospace Nimrod MR.2,3
Boeing 707-331,3
Avro 691 Lancastrian C.4,3
BAC One-Eleven 203AE,3
Lockheed EC-130E Hercules,3
North American Rockwell CT-39E Sabreliner,3
Curtiss C-46A-60-CS Commando,3
Fokker F-27 Friendship 600RF,3
McDonnell Douglas DC-10-30ER,3
Boeing C-135B Stratolifter,3
Douglas DC-5-511,3
Airbus A330-203,3
Embraer EMB-110EJ Bandeirante,3
Canadair CL-44D4-6,3
Douglas DC-3-201D,3
Fairchild UC-123K Provider,3
Lockheed C-121C Super Constellation,3
Xian Yunshuji Y-7,3
Douglas DC-3-194F,3
Airbus A300B2-1C,3
Boeing 737-322,3
Vickers Super VC10-1151,3
GAF Nomad N.22,3
Airbus A340-312,3
Douglas TC-47B (DC-3),3
Cessna 510 Citation Mustang,3
Convair CV-340-68B,3
Handley Page HPR-7 Herald 101,3
Boeing 767-33AER,3
Junkers PS-5 (G.24),3
Armstrong Whitworth AW.27 Ensign I,3
Lisunov Li-2V,3
Douglas DC-2-115D,3
Breguet SP-13A Atlantic,3
Boeing 737-8HG (WL),3
Handley Page HPR-7 Herald 401,3
Let L-410MU,3
de Havilland Canada DHC-8-202Q,3
Douglas C-49H (DC-3),3
Fokker F-27 Friendship 200MAR,3
Douglas C-54E-1-DO (DC-4),3
Boeing 747-246B,3
Fairchild FH-227C,3
Lockheed L-1329 JetStar 731,3
Consolidated 32-2 Liberator II,3
Boeing 747SR-46,3
British Aerospace BAe-125-800B,3
Boeing 737-3H4 (WL),3
Handley Page HP.81 Hermes IV,3
Vickers 951 Vanguard,3
Embraer ERJ 190-100 LR  (ERJ-190LR),3
North-American-Rockwell Sabreliner 40A,3
Boeing 757-21B,3
Boeing 737-287,3
Embraer EMB-110P1A Bandeirante,3
CASA/Nurtanio NC-212-CC4 Aviocar 200,3
Ilyushin Il-14T,3
Boeing 737-260 Adv.,3
Swearingen SA227-BC Metro III,3
Boeing 757-200,3
Douglas C-117D (DC-3),3
Douglas C-47A-70-DL Skytrain,3
Curtiss AT-32D Condor II,3
de Havilland DH-114 Heron,3
Britten-Norman BN-2A-27 Islander,3
Dassault Falcon 100,3
Airbus A320,3
Curtiss T-32 Condor II,3
Lockheed EC-121H Super Constellation,3
Boeing 737-8GP (WL),3
IPTN/CASA CN-235M-100,3
Douglas DC-3A-197D,3
Lioré et Olivier 213,3
British Aerospace 3201 Jetstream 32,3
SAAB Scandia 90A-1,3
Swearingen SA227-AT Merlin IVC,3
McDonnell Douglas C-17A Globemaster III,3
British Aerospace BAe-146-200A,3
CASA CN-235M-200,3
Vickers 701C Viscount,3
Boeing 737-2F9,3
de Havilland DH-106 Comet 4B,3
Boeing 707-329C,3
Rockwell Sabreliner 80,3
Pilatus Britten-Norman BN-2B-21 Islander,3
Douglas C-54G (DC-4),3
McDonnell Douglas DC-9-33RC,3
Boeing 707-3B4C,3
Curtiss AT-32B Condor II,3
Lockheed EC-121R Super Constellation,3
Consolidated Catalina IB (PBY-5B),3
Douglas DC-3-201E,3
Boeing 737-8FE (WL),3
Boeing 727-23F,3
Armstrong Whitworth AW-650 Argosy 101,3
Ford 5-AT Tri-Motor,3
Fiat G.18,3
PADC/Britten-Norman BN-2A-21 Islander,3
BAC One-Eleven 525FT,3
Vickers 724 Viscount,3
Douglas C-54B-20-DO (DC-4),3
Pilatus Britten-Norman BN-2A-21 Islander,3
Fairchild FH-227D,3
Airbus A320-216,3
Boeing 737-228,3
Vickers 749 Viscount,3
Douglas C-47J (DC-3),3
Gulfstream G-V,3
de Havilland Canada DHC-8-202Q Dash 8,3
Vickers 843 Viscount,3
Vickers 827 Viscount,3
Boeing 737-86J (WL),3
Dassault Falcon 900EX,3
Ilyushin Il-12B,3
Hawker Siddeley HS-748-232 Srs. 2A,3
Douglas C-133A Cargomaster,3
Fairchild C-123 Provider,3
McDonnell Douglas DC-8-53,3
SNCASE SE.200,3
Douglas C-49-DO (DC-3),3
Boeing 727-264,3
Curtiss C-46D-1-CU Commando,3
Boeing 727-251,3
Vickers 634 Viking 1B,3
Ilyushin Il-18A,3
Beechcraft RC-12K Huron (A200CT Super King Air),3
IRMA/Pilatus Britten-Norman BN-2T Islander,3
Douglas SC-47D,3
Tupolev Tu-134B-3,3
Fairchild C-119C-22-FA Flying Boxcar,3
Hawker Siddeley HS-748-260 Srs. 2A,3
Sikorsky S-43,3
Antonov An-2PF,3
BAC One-Eleven 420EL,3
Lockheed OP-2E Neptune,3
Dornier Do R4 Superwal,3
Vickers 794D Viscount,3
Boeing 727-247,3
Douglas C-47A-10-DK Dakota 3,3
McDonnell Douglas DC-10,3
Lockheed 18-08 Lodestar,3
Bristol 170 Superfreighter 32,3
McDonnell Douglas DC-8-71F,3
Canadair CL-600-2D24 Regional Jet CRJ-900ER,3
Douglas C-133B-DL Cargomaster,3
Kaiser-Frazer C-119F Flying Boxcar,3
Vickers 628 Viking 1B,3
Consolidated Canso A,3
Short Sunderland II,3
Grumman SA-16B Albatross,3
Boeing 727-227,3
Canadair DC-4M1 North Star,3
Boeing 737-8KN (WL),3
Swearingen SA226-AT Merlin IVA,3
de Havilland DH-114 Heron 2B,3
Douglas C-49D (DC-3),3
IRMA/Pilatus Britten-Norman BN-2B-27 Islander,3
Boeing 727-232,3
Lockheed 18-14 Lodestar,3
Handley Page W.10,3
Douglas C-54E-15-DO (DC-4),3
Lockheed 14-WG3B Super Electra,3
Boeing 737-2J8C,3
de Havilland DH-106 Comet 1A,3
McDonnell Douglas DC-9-87 (MD-87),3
Bombardier BD-100-1A10 Challenger 300,3
Gulfstream G200,3
Boeing 707-131B,3
Boeing 777-236ER,3
Boeing 707-338C,3
Boeing 737-2B7,3
Boeing 727-22C,3
Aeromarine 75,3
North American Rockwell T-39N Sabreliner,3
McDonnell Douglas DC-8-62F,3
Douglas C-47B-11-DK (DC-3),3
Douglas R4D-4 (DC-3),3
Lockheed L-1011 TriStar 500,3
Budd RB-1 Conestoga,3
Boeing 737-2C3,3
Douglas DC-3-196A,3
Fairchild C-119C-15-FA Flying Boxcar,3
Douglas C-54P (DC-4),3
Douglas DC-2-221,3
Lockheed C-130E-I Hercules,3
Vickers 814 Viscount,3
PADC/Pilatus Britten-Norman BN-2T Islander,3
Fokker F.XXII,3
Handley Page O/400,3
Lockheed L-149 Constellation,3
Hawker Siddeley HS-125-600A,3
Boeing 707-330B,3
Britten-Norman BN-2A-26 Islander,3
Britten-Norman BN-2A-2 Islander,3
Cessna 550B Citation Bravo,3
McDonnell Douglas MD-90-30,3
Douglas DC-3A-414A,3
Boeing 727-116,3
de Havilland Canada DHC-3T/M601 Turbine Otter,3
Handley Page HP.42W,3
Short Sunderland V,3
Sukhoi Superjet 100-95B,3
British Aerospace 3212 Jetstream 32,3
Boeing 707-379C,3
Boeing 737-2H4,3
Douglas DC-7BF,3
Lockheed 414-56 Hudson IIIA,3
Douglas DC-2-115L,3
ATR 42-512,3
Douglas DC-3-313A,3
Douglas AC-47,3
Fokker F-27 Friendship 300,3
Boeing 707-328C,3
Boeing 737-230 Adv.,3
Dornier Do 128-2 Skyservant,3
British Aerospace BAe-146-100,3
Airbus A319-112,3
Curtiss C-46D Commando,3
Martin M-130,3
Short S.25 Sandringham 4,3
Boeing 707-458,3
IRMA/Britten-Norman BN-2B-21 Islander,3
Consolidated PBY-3 Catalina,3
Savoia-Marchetti S-66,3
Vickers 639 Viking 1,3
Short S.25 Sandringham 5,3
Lockheed CC-130H Hercules,3
Consolidated C-10 Catalina (PBY-5),3
Cessna 525 CitationJet,3
Boeing 747-3B3,3
Boeing 737-210C,3
North American CT-39A Sabreliner,3
Airbus A330-343X,3
Boeing 737-4H6,3
Douglas C-54Q (DC-4),3
Antonov An-12AP,3
Cessna 208B Supervan 900,3
Short S.25 Sandringham 6,3
British Aerospace BAe-125-800A,3
McDonnell Douglas DC-8-63,3
Junkers Ju-52/3mg5e,3
IPTN/CASA CN-235-10,3
Short S.30 Empire Flying Boat,3
Kawasaki C-1,3
Dornier 328JET-310,3
Handley Page O/7,3
Boeing 757-222,3
Boeing 727-81,3
Hawker Siddeley HS-125-F400A,3
Handley Page HPR-7 Herald 203,3
Canadair C-4-1 North Star,3
Cessna 550 Citation Bravo,3
Nord 262A-44,3
Bristol 175 Britannia 312,3
Cessna 560XL Citation Excel,3
Boeing 727-25,3
Douglas C-47B-23-DK (DC-3),3
Fairchild C-123J Provider,3
Convair CV-880-22-1,3
British Aerospace 3201 Jetstream 32EP,3
Junkers Ju-52/3mg14e,3
BAC One-Eleven 204AF,3
Airbus A321-211 (WL),2
Vickers Valetta C.2,2
Curtiss BT-32 Condor II,2
Boeing 787-8 Dreamliner,2
BAC One-Eleven 515FB,2
Boeing 747-357,2
Airbus A300F4-622R,2
Bloch 220,2
Douglas C-54D (DC-4),2
NAMC YS-11-125,2
Convair C-131F (CV-340),2
Boeing 727-222,2
Vickers 735 Viscount,2
Junkers Ju-52 See,2
Boeing 707-340C,2
Focke-Wulf Fw 200,2
Lockheed Hercules C.1P (C-130K),2
Douglas DC-3-201F,2
Convair CV-300,2
Airbus A300B4,2
Boeing 747-368,2
Douglas DC-3-220A,2
Fairchild C-82A-1-FA Packet,2
Gulfstream Aerospace G-1159A Gulfstream III,2
Aérospatiale / BAC Concorde 101,2
Boeing 767-223ER,2
Sikorsky S-42,2
Breguet 730,2
Boeing 727-212,2
Bristol 175 Britannia 318,2
Boeing 737-7Q8,2
Fairchild CC-119 Flying Boxcar,2
Avro Shackleton MR.1A,2
Ford 5-AT-A Tri-Motor,2
Bombardier BD-700-1A10 Global 6000,2
Lockheed AC-130H Spectre,2
Consolidated Catalina IIA (PBY-5A),2
Raytheon Hawker 800XP,2
Airbus A330-322,2
de Havilland DH-125-1A,2
Boeing 767-332ER (WL),2
Airbus A321-111,2
Hawker Siddeley DH-125-1A,2
Boeing 737-832 (WL),2
Boeing 727-286,2
Convair CV-340-59,2
Tupolev Tu-104,2
Douglas DC-3-322,2
Convair CV-340-38,2
Boeing 707-441,2
Pilatus Britten-Norman BN-2A Islander,2
Avro 689 Tudor 5,2
Douglas C-49E (DC-3DST-144),2
Boeing 727-114,2
CASA C-212 Aviocar 400,2
Vickers 744 Viscount,2
de Havilland Canada DHC-4T Caribou,2
Lockheed Lodestar II,2
Boeing 707-3K1C,2
Short S.8 Calcutta,2
Embraer C-95A Bandeirante (EMB-110K1),2
Boeing 737-266,2
Boeing 707-360C,2
Lockheed L-188 Electra,2
Boeing 727-223F,2
WM Fokker F.VIIIb,2
Boeing KC-135E Stratotanker,2
Boeing 727-31,2
McDonnell Douglas DC-8-55F,2
Airbus,2
Vickers 616 Viking 1B,2
Curtiss AT-32C Condor II,2
Vickers 803 Viscount,2
Boeing 737-298C,2
Douglas C-47A-70-DL (DC-3C),2
Cessna 550 Citation II,2
Learjet 45XR,2
Sikorsky Y1OA-8 (S-43),2
Douglas DC-6A/C,2
Morane Saulnier MS.760A Paris IA,2
Sud Aviation SE-210 Caravelle IA,2
Kaiser-Frazer C-119J Flying Boxcar,2
Fokker F-28 Fellowship 2000,2
Boeing 727-2L5,2
Tupolev Tu-204-100,2
Fairchild C-123B-7-FA Provider,2
Lockheed L-049-51-26 Constellation,2
Vickers 668 Varsity T.1,2
Hawker Siddeley HS-748-209 Srs.2A,2
Douglas DC-2-115F,2
Lockheed Hercules C.4 (C-130J-30),2
Embraer EMB-145ER (ERJ-145ER),2
Hawker Siddeley HS-125-3A,2
North American T-39A-1-NO Sabreliner,2
Lockheed C-121G Super Constellation,2
CASA/Nurtanio NC-212-MP Aviocar 200,2
Douglas DC-3-382,2
Vickers 635 Viking 1B,2
Handley Page HPR-7 Herald 214,2
HESA IrAn-140-100,2
PZL-Mielec M28-05PI Skytruck,2
Douglas C-54E (DC-4),2
Boeing 727-2H9,2
Douglas DC-2-210,2
Vickers 748D Viscount,2
Lockheed L-649 Constellation,2
Martin JRM-3 Mars,2
Boeing 747-412F,2
Handley Page HPR-7 Herald 202,2
BAC One-Eleven 402AP,2
Douglas C-49E (DC-3),2
CASA C-295M,2
Avro 691 Lancastrian C.2,2
Lockheed L-049-46-26 Constellation,2
Lockheed C-60-LO Lodestar,2
Douglas Dakota II (DC-3),2
Boeing 737-2K9,2
Learjet U-36A,2
Hawker Siddeley HS-748-232 Srs. 2,2
Learjet 31A,2
Douglas DC-3F,2
Consolidated Catalina IVB,2
Boeing 747-206B,2
Douglas DC-3-454,2
Lockheed 414 Hudson VI,2
SAAB Scandia 90A-2,2
Boeing 707-348C,2
Boeing 737-476SF,2
Boeing E-3A Sentry (707-300B),2
Boeing 747-481D,2
Boeing 747-412,2
Fairchild C-119C-25-FA Flying Boxcar,2
Saunders ST-27,2
Boeing 747-2F6B,2
Douglas DC-3-209,2
Airbus A330-321,2
Douglas DC-3-268,2
Hawker Siddeley HS-748-243 Srs. 2,2
IAI 1125 Astra SPX,2
Douglas C-47B Dakota III (DC-3),2
Vickers 720 Viscount,2
Convair CV-340-31,2
ATR 72-201,2
Vickers 614 Viking 1,2
Lockheed B-34 Lexington,2
Boeing 377 Stratocruiser 10-30,2
Douglas C-47A-1-DK Dakota C.3,2
Fairchild FH-227E,2
McDonnell Douglas DC-9-21,2
Boeing 767-35DER,2
BAC One-Eleven 524FF,2
Carstedt Jet Liner 600F,2
Boeing 767-36NER,2
Boeing 747-249F,2
McDonnell Douglas DC-8-54F,2
Shorts S.26 G Class,2
Boeing 747-48EF,2
Boeing 737-3T0,2
Raytheon 390 Premier IA,2
Boeing 767-375ER,2
Antonov An-70,2
Boeing 727-21F,2
CASA CN-235M-100,2
IAI 1124 Westwind I,2
Douglas C-48 (DC-3),2
Short S.25 Sunderland GR.5,2
GAF Nomad N.22S Searchmaster L,2
Airbus A310,2
Mitusbishi Mu-300 Diamond,2
Douglas C-47A-90-DL Skytrain,2
Britten-Norman BN-2A-27R Islander,2
Let L-410UVP-E9D,2
Boeing 737-8D6,2
Shorts SC.7 Skyvan 3M-100,2
Cessna 650 Citation VI,2
Ford 4-AT-.  Tri-Motor,2
Boeing 727-113C,2
Lioré-et-Olivier H.242/1,2
Ilyushin Il-38,2
Embraer C-95BM Bandeirante (EMB-110),2
Boeing 727-46F,2
Boeing 737-8F2 (WL),2
Douglas C-54G Skymaster (DC-4),2
Douglas Dakota III  (DC-3),2
Douglas VC-47J (DC-3),2
Douglas Tp 79 (C-47-DL),2
Lockheed L-1049H-01-06-162 Super Constellation,2
Boeing 707-138B,2
Hawker Siddeley HS-121 Trident 3B,2
Boeing 707-341C,2
Douglas DC-8-52,2
Boeing 707-347C,2
Nakajima/Douglas DC-2,2
Boeing 727-121C,2
Vickers 798D Viscount,2
Boeing 737-2Y5,2
Aero Modifications AMI C-47TP (DC-3T),2
Canadair CL-600-2B19 Regional Jet CRJ-100LR,2
Fairchild UC-123B Provider,2
Boeing 737-2B1,2
Boeing 707-358C,2
Douglas C-47-DL,2
Boeing 747-283B,2
Fairchild C-82A-25-FA Packet,2
Boeing 314A,2
de Havilland DH-114 Riley Heron 2B,2
Embraer P-95B Bandeirulha (EMB-111),2
Vickers 764D Viscount,2
Lockheed PV-1 Ventura,2
Convair CV-440-59,2
Consolidated 28-5MC Canso (PBY-5),2
Rockwell 1121A Jet Commander,2
Douglas DC-3-455,2
Tupolev Tu-114D,2
Boeing 737-3H4,2
Douglas DC-3A-228F,2
Hawker Siddeley HS-748-263 Srs. 2A,2
Douglas C-47A-55-DL (DC-3),2
Boeing 707-351B,2
Beechcraft C-12F Huron (A200CT Super King Air),2
CASA C-212-CB Aviocar 100,2
Boeing 707-121,2
Antonov TVS-2MS,2
Boeing 727-14,2
Bristol 175 Britannia 253,2
Douglas C-133A-35-DL Cargomaster,2
CANT Z.506,2
Douglas DC-3-232,2
Boeing 737-2K6,2
Airbus A330-303,2
Hindustan Aeronautics Ltd. HAL-748-LFD Srs. 2M,2
BAC One-Eleven 201AC,2
Boeing 777-2H6ER,2
Antonov An-24 ?,2
Boeing 747-2R7F,2
Cessna 525 Citation M2,2
Steward-Davis Super Catalina (PBY-5A),2
Avro Shackleton T.4,2
Douglas DC-3B-202,2
Boeing E-8C (707),2
Antonov An-12BK-PPS,2
Douglas C-47-DL (Hyper),2
McDonnell Douglas DC-9-15F,2
Lockheed 14-N3 Super Electra,2
Douglas DC-3A-S1C3G,2
Ilyushin Il-14D,2
Handley Page O/10,2
Douglas DC-3A-414,2
Boeing 737-2P5,2
Antonov An-72-100,2
Kawasaki Ki-56,2
Douglas DC-2-192,2
Boeing 767-2J6ER,2
Douglas C-47A-25-DK (DC-3C),2
NAMC YS-11A-211,2
British Aerospace 4100 Jetstream 41,2
Fairchild C-123B-16-FA Provider,2
Boeing 737-3B7,2
Fairchild R4Q-1 Packet (C-119C),2
Douglas C-49E (DC-3-DST),2
Boeing 757-232,2
Douglas DC-3-201G,2
Lockheed L-749-79-33 Constellation,2
Boeing 747-122,2
Boeing 727-277,2
Hindustan Aeronautics Ltd. HAL-748-219 Srs. 2,2
Boeing C-97G Stratofreighter,2
Douglas C-47B Dakota (DC-3),2
Beechcraft T-1A Jayhawk,2
Consolidated Vultee PBY-6A Catalina,2
Douglas DC-8-21,2
Britten-Norman BN-2A-21 Defender,2
Savoia-Marchetti S.73P,2
Lockheed L-1011 TriStar 100,2
Boeing 727-2D6,2
Shijiazhuang Y-5,2
Boeing 737-406,2
Boeing 727-24C,2
North American CT-39A-1-NO Sabreliner,2
Antonov An-74T-200,2
Vickers VC10-1101,2
Pilatus Britten-Norman BN-2A-8 Islander,2
Let L-410MA,2
Boeing 707-387B,2
Lockheed C-60A-LO Lodestar,2
Raytheon Beechjet 400A,2
Yakovlev Yak-40D,2
Airbus A310-304F,2
IRMA/Britten-Norman BN-2B-27 Islander,2
Boeing 747-230B,2
Lockheed L-749A-79 Constellation,2
Hawker Siddeley HS-125-1A,2
Douglas R4D-5S (DC-3),2
Ilyushin Il-14FKM,2
de Havilland Canada DHC-8-315Q Dash 8,2
Boeing 707-123,2
Boeing 727-2N8,2
Douglas DC-3A-367,2
Douglas DC-3-201C,2
Douglas DC-3-208A,2
Boeing 767-219ER,2
Vickers 604 Viking 1B,2
Convair CV-240-7,2
Douglas DST-318A (DC-3),2
Boeing 737-3Q8,2
Boeing 737-268,2
Boeing 737-8H4 (WL),2
Lockheed L-1011 TriStar 200,2
Boeing 727-2D3,2
Boeing 747-246F (SCD),2
Cessna 208 Caravan,2
Boeing 737-159,2
Boeing 727-86,2
de Havilland DH-114 Riley Heron 2,2
Dornier 328-100,2
Vickers 498 Viking 1A,2
Convair CV-880-22M-22,2
Douglas DC-3-227,2
Boeing 727-64,2
de Havilland Canada CC-123 Otter (DHC-3),2
Lockheed L-1049C-55-81 Super Constellation,2
Douglas DC-2-115G,2
Convair T-29B (CV-240),2
Pilatus Britten-Norman BN-2A-26 Islander,2
Rohrbach Ro X Romar I,2
Convair T-29D (CV-240),2
Douglas DC-3A-228D,2
Boeing 717-231,2
Boeing 737-2X6C,2
Boeing 737-229C,2
Airbus A319-131,2
de Havilland Canada DHC-8-315Q MPA,2
de Havilland Canada DHC-8-106,2
Boeing 767-366ER,2
Boeing 737-2R8C,2
Boeing 747-230F,2
Embraer EMB-145LU (ERJ-145LU),2
Curtiss CW-20 (C-46),2
Airbus A340-211,2
Douglas R5D-3 (C-54D),2
Douglas C-74 Globemaster I,2
Douglas C-47B Dakota C.4,2
BAC One-Eleven 520FN,2
NAMC YS-11-109,2
Douglas HC-47A,2
Boeing 747-430,2
Vickers 632 Viking 1B,2
Boeing 727-92C,2
Hawker Siddeley HS-748-207 Srs. 2,2
Britten-Norman BN-2A-20 Islander,2
Lockheed C-5B Galaxy,2
Boeing 737-53A,2
Boeing 737-293,2
de Havilland Canada DHC-8-202,2
Airbus A310-308,2
Douglas C-53B (DC-3),2
Boeing 747-282B,2
Boeing 727-2H3,2
Boeing KC-97G-23-BO Stratofreighter,2
Boeing 767-269,2
Airbus A320-233,2
Lockheed LC-130R Hercules,2
Embraer ERJ-140 (ERJ-135KL),2
Blériot 155,2
Pilatus Britten-Norman BN-2T Turbine Islander,2
BAC One-Eleven 521FH,2
Airbus A300B4-620,2
Cessna C-98A Grand Caravan (208B),2
Embraer ERJ 170-100 SE (ERJ-170SE),2
Shaanxi Yunshuji Y-8D,2
de Havilland DH-125-400A,2
BAC One-Eleven 424EU,2
Airbus A310-222,2
Boeing 757-223,2
Gulfstream G150,2
Boeing 737-230C,2
Douglas DC-3-209A,2
Douglas C-118B (DC-6),2
Antonov An-6,2
Hawker Siddeley HS-748-216 Srs. 2A,2
Lockheed PV-2D Harpoon,2
Douglas C-54S (DC-4),2
Avro 691 Lancastrian XPP,2
Douglas DC-3-277D,2
Nord 2502F Noratlas,2
Boeing 727-90C,2
Douglas DC-3 (Showa L2D),2
Boeing 737-8K2 (WL),2
Handley Page HP-137 Jetstream 1,2
Ford JR-3 (5-AT-C) Tri-Motor,2
Lockheed R5O-6 Lodestar,2
BAC One-Eleven 401AK,2
BAC One-Eleven 527FK,2
Boeing 747-438,2
McDonnell Douglas DC-8-73CF,2
Airbus A320-111,2
Hawker Siddeley HS-748 Andover C.1,2
Boeing 747-269B,2
Transall C-160F,2
Short S.17 Kent,2
Junkers F.24ko (G.24),2
Airbus A321-231 (WL),2
CASA C-212-M Aviocar 100,2
Transall C-160R,2
Lockheed P2V-5F Neptune,2
McDonnell Douglas DC-8-62H,2
Douglas C-54G,2
Convair CV-440-75,2
Boeing 737-524,2
Douglas VC-47B (DC-3),2
Douglas R2D-1 (DC-2),2
McDonnell Douglas DC-9-80 (MD-80),2
Armstrong Whitworth Argosy II,2
British Aerospace ATP-F (LFD),2
Douglas DC-3-201,2
Douglas DC-2-171,2
Convair T-29A (CV-240),2
Gulfstream G200 Galaxy,2
Lockheed L-1049E-55 Super Constellation,2
CANT Z.506C,2
Vickers 736 Viscount,2
Douglas R5D-2 (C-54B),2
McDonnell Douglas MD-10-10F,2
Vickers 782D Viscount,2
Boeing 737-2D6C,2
Lockheed LC-130F Hercules,2
ATR 42-310,2
Embraer EMB-110P1K Bandeirante,2
British Aerospace 3103 Jetstream 31,2
Boeing 720-060B,2
Canadair CP-107 Argus Mk.2,2
Boeing 737-59D,2
Convair CV-580 Airtanker,2
Boeing 737-377,2
Boeing 737-566,2
Douglas DC-3-208,2
Bristol 175 Britannia 102,2
Boeing 737-248,2
Fairchild C-119F Flying Boxcar,2
Lockheed P2V-7LP Neptune,2
Let L-410,2
Vickers Varisty T.1,2
Boeing 747-251B,2
Convair CV-440-0,2
Boeing 757-260,2
Douglas RC-47P,2
Boeing 727-44F,2
Bombardier CL-600-2C10 Regional Jet CRJ-701ER,2
Curtiss C-46D-10-CU Commado,2
Lockheed L-1049E Super Constellation,2
Consolidated 28-5MNE Catalina,2
Douglas DC-2-211,2
Dassault Falcon 7X,2
Boeing 747-422,2
Douglas C-47A-15-DK Skytrain (DC-3),2
Boeing 707-365C,2
Pilatus Britten-Norman BN-2A-26 Islander,2
Kaiser-Frazer C-119L Flying Boxcar,2
Beechcraft 1900,2
Avro 688 Super Trader,2
BAC One-Eleven 412EB,2
Boeing 737-4B6,2
Short S.25 Sandringham 2,2
Boeing 737-73V (WL),2
Douglas C-49G-DO (DC-3),2
Fairchild F-27B,2
Fairchild R4Q-2 Packet (C-119F),2
Cessna 525B CitationJet CJ3,2
Convair VT-29B (CV-240),2
Boeing KC-135Q Stratotanker,2
Farman F.61 Goliath,2
Boeing 737-2P6,2
Cessna 550 Citation S/II,2
Convair CV-440-12,2
Douglas RC-54V (DC-4),2
British Aerospace ATP-F,2
Airbus A330-302,2
Douglas LC-47J,2
Boeing 777-333ER,2
Morane Saulnier C-41 (MS.760 Paris),2
Canadair CL-44J,2
Cessna 208A Caravan 675,2
Douglas C-54G-15-DO (DC-4),2
Vickers 739 Viscount,2
Consolidated Catalina IVA,2
Martin 2-0-2A,2
Boeing 737-236,2
Vickers 832 Viscount,2
Douglas C-47A-5-DK Dakota 3 (DC-3C),2
de Havilland DH-114 Riley Heron 2D,2
de Havilland Canada CV-2A Caribou,2
McDonnell Douglas DC-10-10F,2
Hawker Siddeley HS-748-259 Srs. 2A,2
Shorts 360-200,2
Boeing 737-130,2
Lockheed C-69 Constellation,2
Lockheed Lodestar,2
Kaiser-Fraser C-119G Flying Boxcar,2
de Havilland Canada DHC-8-311Q Dash 8,2
Fairchild C-123B-9-FA Provider,2
Cessna 560XL Citation XLS,2
Convair CV-340-58,2
Vickers 732 Viscount,2
Boeing 707-131,2
Boeing 737-2A1C,2
Shaanxi Yunshuji Y-8,2
Lockheed WC-130H Hercules,2
Xian Yunshuji Y-7-100C,2
Yakovlev Yak-40S2,2
Douglas DST-A-207A (DC-3),2
Boeing 727-76,2
Boeing 737-4U3,2
Airbus A330-343,2
Boeing 727-223,2
GAF Nomad N.22C,2
Cessna U-27A Caravan I,2
Fiat G.18V,2
Ilyushin Il-14FK,2
Airbus A330-301,2
Shorts SC.7 Skyvan 3-300,2
Boeing 727-30,2
British Aerospace BAe-748-314 Srs. 2A LFD,2
McDonnell Douglas DC-10-40,2
Ford 4-AT-D Tri-Motor,2
Convair CV-240D (T-29),1
Curtiss C-46D-10-CU,1
Boeing 707-321,1
Pilatus Britten-Norman BN-2B-27 Islander,1
Boeing 727-221F,1
Boeing 757-204,1
Curtiss C-46F,1
Douglas DC-3A-393,1
Douglas C-47B-10-DK Dakota IV,1
Boeing 737-5L9,1
Lockheed Hercules C.3A (C-130K),1
Shin Meiwa US-1A,1
Ilyushin Il-14RR,1
Beechcraft B200GT King Air 250,1
Martin JRM-2 Mars,1
Boeing 737-205 Adv.,1
Boeing KC-97G-25-BO Stratofreighter,1
Douglas C-49J (DC-3-454),1
Boeing 737-31S,1
Boeing C-135F Stratotanker,1
Boeing 767-3Y0ER,1
Boeing 727-243F,1
Vickers 491 Viking 1A,1
Short S.25 Sandringham 3,1
Boeing 777-F6N,1
Shorts SC.7 Skyvan 3-400,1
Lockheed RC-121D Super Constellation,1
Boeing 737-9GPER,1
Fairchild EC-82A Packet,1
Vickers 838 Viscount,1
Douglas DC-3-220,1
Boeing 737-7L9 (WL),1
Beechcraft B300C Super King Air 350,1
CASA CN-235-200,1
Lockheed Lodestar IA,1
Hawker Siddeley VU-93 (HS-125-403B),1
Antonov An-32P,1
Boeing 707-227,1
British Aerospace BAe-748-344 Srs. 2A,1
Learjet 55C,1
Airbus A340-541,1
Lockheed VC-60A Lodestar,1
Consolidated Catalina GR.IIA,1
Martin PBM-5G Mariner,1
Ilyushin Il-12T,1
Tupolev Tu-134SKh,1
Kaiser-Frazier C-119F Flying Boxcar,1
Douglas C-47A-50-DL Pe're (DC-3),1
de Havilland Canada DHC-8-301 Dash 8,1
Vickers 761D Viscount,1
Fairchild RC-119L Flying Boxcar,1
Boeing 707-336B,1
CASA C-212-A1 Aviocar 200,1
IAI Arava 101B,1
Antonov An-74TK-100,1
Boeing 737-2Q3,1
Douglas DC-3A-269B,1
Douglas AC-47D Spooky (DC-3),1
Boeing 737-82R (WL),1
Airbus A310-203,1
Beechcraft B200T Super King Air,1
Boeing EC-135P,1
Boeing 747-151,1
Boeing 737-268 Adv.,1
BAC One-Eleven 414EG,1
Boeing 727-41,1
Gulfstream G650,1
Vickers 763D Viscount,1
Curtiss C-46T,1
Douglas YC-112A-DO (DC-6),1
Fairchild C-119B-10-FA Flying Boxcar,1
Dewoitine D.333,1
Boeing 737-8EH,1
Junkers Ju-90A,1
CANT Z.506S,1
Boeing 767-281SF,1
Lockheed XP2V-1 Neptune,1
Convair CV-240-14,1
Douglas DC-3-214,1
British Aerospace BAe-748-357 Srs. 2B SCD,1
Boeing 777-31H,1
Cessna 525B CitationJet CJ3+,1
Airbus A380-861,1
Armstrong Whitworth Argosy IA,1
ATR 42-320F,1
Ilyuhsin Il-76,1
Boeing 737-85R,1
Dornier Do 28D-1S Skyservant,1
Hawker Siddeley HS-748-283 Srs. 2A,1
Douglas C-47,1
Boeing 747-209B,1
Boeing KC-97F-55-BO Stratofreighter,1
Boeing 737-3Q8BDSF,1
Boeing NKC-135A,1
Fairchild C-123B Provider,1
Lockheed EP-3J Orion,1
Douglas DC-3A-447,1
Junkers Ju-90V3,1
Boeing EC-135K,1
Lockheed MC-130P Combat Shadow,1
Dornier 328-120,1
NAMC YS-11A-320,1
Tupolev Tu-204S,1
Shorts 330UTT,1
Douglas C-54-DO Skymaster (DC-4),1
Junkers Ju-52/3mg11,1
McDonnell Douglas MD-10F,1
Douglas DC-2-200,1
Cessna 500 Citation I Sierra Eagle,1
Boeing 737-2E1F,1
Boeing 727-277F,1
Antonov An-32RE,1
Tupolev Tu-134IK,1
Boeing 767,1
Boeing 747-2B5B,1
Convair CV-240-24,1
Savoia-Marchetti SM-95,1
Hawker Siddeley HS-748-244 Srs. 2,1
Embraer ERJ-145EP,1
Fairchild C-119CF-FA Flying Boxcar,1
Vickers 755D Viscount,1
Douglas DC-8-12,1
Pilatus Britten-Norman BN-2A-9 Islander,1
Boeing 777-36NER,1
Antonov An-3T,1
Douglas C-49H (DC-3-228),1
Nord 262A-29,1
Beechcraft Hawker BH-125-400A,1
Miles M.60 Marathon I,1
Boeing 767-3BGER,1
BAC One-Eleven 528FL,1
Hawker Siddeley DH-125-400A,1
Douglas C-54A-1-DO Skymaster,1
Douglas R3D-1 (DC-5),1
Fairchild C-119C-12-FA Flying Boxcar,1
Douglas Dakota IIIS&R (DC-3),1
Douglas C-47B-1-DK Dakota IV,1
Boeing 747-128,1
IRMA/Pilatus Britten-Norman BN-2A-27 Islander,1
Short Sunderland Mk III,1
Douglas C-47B Dakota 4FP (DC-3),1
Douglas DC-3-228F,1
British Aerospace BAe-748-400 Srs. 2B,1
McDonnell Douglas DC-9-15RC,1
Bombardier CL-600-2B16 Challenger 605,1
Boeing 737-242C,1
Boeing 707-131F,1
British Aerospace Nimrod MR.2P,1
Shorts 330-300UTT,1
Vickers 756D Viscount,1
Beechcraft Tp 101 (200 Super King Air),1
Boeing 717-2BD,1
Embraer EMB-145LI (ERJ-145LI),1
Boeing 767-3D6,1
de Havilland Canada DHC-5 Buffalo,1
Douglas SC-54D (DC-4),1
Boeing 777-222ER,1
Consolidated 28-5ME Catalina,1
Boeing 737-2M2C,1
Lockheed YMC-130H Hercules,1
Boeing 757-23APF,1
Airbus A300B4-103,1
Lockheed L-749 Constellation (C-121A),1
Lockheed R5O-4 Lodestar,1
Lockheed C-130D Hercules,1
British Aerospace BAe-748-401 LFD Srs. 2B,1
Embraer ERJ-190STD (ERJ-190-100),1
Boeing 737-2K3,1
Convair C-131D (CV-340),1
Douglas R4D (DC-3),1
NAMC YS-11-111,1
Convair T-29C (CV-240),1
Vickers 739A Viscount,1
Boeing KC-97E-45-BO Stratofreighter,1
Lockheed L-1011-385-1-14 TriStar 150,1
Junkers Ju-90V2,1
Junkers Ju 52/3m,1
Hawker Siddeley HS-748-214 Srs. 2,1
Boeing 737-301 (SF),1
Beechcraft C99,1
Boeing 777-266ER,1
Savoia-Marchetti SM-75RT,1
Lockheed L-1049G-82-151 Super Constellation,1
Boeing 737-36Q (WL),1
Canadair CL-600-2B19 Regional Jet CRJ-200PF,1
Douglas C-51 (DC-3-270C),1
Boeing 727-224F,1
British Aerospace BAe-748-335 Srs. 2A SCD,1
Antonov An-26SM,1
Breguet 761S,1
Boeing KC-97F-17-BO Stratofreighter,1
Boeing 777-236,1
Boeing 767-324ER,1
de Havilland DH-114 Heron 2,1
Dornier Do 28D Skyservant,1
Basler BT-67 Turbo 67 (AC-47T),1
Consolidated 28-5AC Catalina,1
Boeing 727-259,1
Beechcraft 99A,1
Boeing 707-355C,1
de Havilland Canada DHC-8-311Q,1
Douglas C-47 Dakota IV,1
Boeing 747-244BSF,1
Dassault Falcon 2000,1
Douglas DC-2-115A,1
Short S.33 Empire Flying Boat,1
Boeing 707-323B,1
Beechcraft MC-12W Liberty (King Air 350),1
Fokker F-27 Friendship 500CRF,1
Breda-Zappata BZ.308,1
Boeing 737-2A8F,1
Xian Yunshuji Y-7H,1
Douglas C-47B-10-DK Pe're (DC-3),1
Canadair CC-109 Cosmopolitan,1
Boeing 737-2T2,1
Boeing 727-022 (WL),1
Focke-Wulf Fw 200C,1
Boeing 727-256 (Adv),1
IRMA/Pilatus Britten-Norman BN-2A-21 Islander,1
Boeing 737-204 Adv.,1
Boeing 767-233,1
CASA C-212 Aviocar,1
Boeing 767-323ER,1
Boeing 737-408,1
Ilyushin Il-12 ?,1
Fokker F.IX,1
Handley Page W.8g,1
Douglas C-54Q Skymaster (DC-4),1
Boeing 767-333ER (WL),1
Avro 748-101 Srs. 1,1
Tupolev Tu-124K,1
Lockheed KC-130H Hercules,1
Boeing 727-222F,1
Douglas C-47-DL Skytrain,1
McDonnell Douglas DC-10-40F,1
Boeing 737-284,1
North American Rockwell Sabreliner 70,1
Douglas DC-3-228,1
Shorts C-23B+ Sherpa (330),1
Fokker F.XXXVI,1
Boeing 737-301F,1
Douglas C-117B (DC-3),1
Boeing 737-4D7,1
Caproni Ca.133,1
Douglas C-50C,1
Handley Page Hastings C.1A,1
Harbin Yunshuji Y-11,1
Boeing 720-058B,1
Airbus A300B4-601,1
Fokker 50?,1
Lockheed 18-50-26 Lodestar,1
Boeing 767-2S1ER,1
Douglas DC-3A-408,1
Boeing 747-428,1
Fokker F-27 Friendship 200MP,1
Douglas DC-3-201B,1
Boeing 747-209F,1
Lockheed Hercules ???,1
Boeing 767-31KER,1
Convair,1
Douglas C-47 (VC-117B) (DC-3),1
Alenia G-222SAA,1
Boeing 747-219B,1
Beechcraft B99,1
Douglas DC-2-115M,1
Boeing 777-35EER,1
Boeing 747-244B,1
Boeing 737-2M9,1
Boeing 737-505,1
Ilyushin Il-18D-40,1
Boeing KC-137E (707-324C),1
Handley Page Hastings,1
Boeing 737-242 Adv.,1
Piaggio PD.808,1
Boeing 777-3F2ER,1
Boeing 737-286,1
Boeing 767-330ER,1
Nord 262B-11,1
de Havilland Canada UC-1A Otter (DHC-3),1
Beechcraft UC-12B Huron (A200C Super King Air),1
Douglas DST-A-217A (DC-3),1
Boeing 727-051,1
Douglas R4D-5Z (DC-3),1
Raytheon Hawker 850XP,1
Boeing P-8A Poseidon (737-8FV),1
Swearingen SA226-AT Merlin IVC,1
Lockheed C-121G Super Constellation (L-1049),1
Beechcraft RC-12N Huron (A200CT Super King Air),1
Douglas DC-3-391,1
Convair CV-880-22M-21,1
Boeing 737-201,1
Douglas C-47A-30-DL (DC-3C),1
Boeing 737-4L7,1
Canadair CL-600-2B16 Challenger 601-3R,1
Embraer EMB-135ER (ERJ-135ER),1
Boeing 757-28A (PCF),1
British Aerospace BAe-146,1
CASA C-212-MR Aviocar 200,1
Shaanxi Y-8GX-3,1
Douglas C-47 Pe're (DC-3),1
Boeing 707-139,1
de Havilland Canada U-1B Otter (DHC-3),1
Ford 4-AT Tri-Motor,1
Douglas DC-1-109,1
Boeing RC-135S Rivet Ball,1
Martin VC-3A (4-0-4),1
Boeing 707-328B,1
Boeing 737-43QSF,1
Boeing 727-2M7,1
IRMA/Pilatus Britten-Norman BN-2B-27 Islander,1
Douglas C-47B Dakota IVP (DC-3),1
Douglas C-47A-75-DL Skytrain (DC-3),1
HESA IrAn-140,1
North American CT-39A-1-NA Sabreliner,1
Antononv An-2T,1
Boeing 747-4B5,1
Bristol 170 Wayfarer II,1
Douglas SC-54G (DC-4),1
Lockheed RC-121D Constellation,1
Gulfstream G450,1
Lockheed L-749A-79-52 Constellation,1
Consolidated 28-5MC Canso A,1
Convair CV-340-62,1
Rockwell Sabreliner 60ELXM,1
National Aerospace Laboratories (NAL) Saras,1
Boeing 727-95,1
Boeing 737-204,1
Embraer ERJ 170-100 SU (ERJ-170SU),1
Boeing 737-33A (QC),1
Rockwell Sabreliner 40A,1
Ford 4-AT-C Tri-Motor,1
Learjet 36,1
Boeing 747-2B5F (SCD),1
Consolidated C-87A Liberator Express,1
Consolidated PBY Catalina,1
Rockwell Sabreliner 60SC,1
Boeing 737-322 (SF),1
Boeing 737-4M0,1
Douglas C-47A-25-DK Dakota C.3,1
Douglas SC-47,1
North American-Rockwell Sabreliner 40,1
Fokker F.VIIIa,1
Boeing KC-97G-26-BO Stratotanker,1
Curtiss C-46E Commando,1
Boeing 727-172C,1
Fairchild C-123B-14-FA Provider,1
Vickers 953 Vanguard,1
Boeing 737-838 (WL),1
Boeing 737-2A9,1
Oakland Centaurus,1
Boeing 767-222,1
Focke-Wulf Fw 200A-05,1
Antonov An-12PL,1
Fiat G.12CA,1
Hawker Siddeley HS-748-285 Srs. 2A LFD,1
Boeing 727-243,1
Boeing C-135A Stratolifter,1
Lockheed 18-40 Lodestar (C-56B-LO),1
Boeing 747-451,1
Shorts JC-23A Sherpa (330),1
Dassault Falcon 10MER,1
Lockheed L-1049-54-80 Super Constellation,1
Xian Yunshuji Y-7H-500,1
Boeing EC-97G Stratofreighter,1
Boeing 737-8B6,1
Boeing 727-2J4,1
Douglas C-47-DL (Hiper DC-3),1
McDonnell Douglas C-9A Nightingale (DC-9-30),1
de Havilland DH-106 Comet 2R,1
Boeing 737-852,1
McDonnell Douglas MD-81,1
Alenia C-27J Spartan,1
Douglas C-53,1
IRMA/Britten-Norman BN-2B-20 slander,1
Boeing 737 MAX 8,1
Sino Swearingen SJ30-2,1
British Aerospace BAe-748-334 Srs. 2A,1
Lockheed 18-01-01 Lodestar,1
British Aerospace BAe-748-398 Srs. 2B,1
Douglas DC-3A-343B,1
Boeing 747SP-44,1
Hawker Siddeley HS-748-286 Srs. 2A LFD,1
Boeing 777-212ER,1
Lockheed CC-130B Hercules,1
de Havilland DH-114 Heron 2C,1
NAMC YS-11A-208,1
Boeing 777-3DZER,1
Lockheed P2V-2N Neptune,1
Douglas C-47A-DK Skytrain (DC-3),1
Ilyushin Il-114,1
British Aerospace BAe-748-378 Srs. 2B,1
Kawasaki P-3C-II.5 Orion,1
Boeing 747-168B,1
Britten-Norman BN-2A-9R Islander,1
Airbus A330-342,1
Howard Eldorado 700,1
Douglas R4D-6L (DC-3),1
Beriev Be-200ChS,1
Hawker Siddeley HS-748-243 Srs. 2A,1
Douglas TC-47K (DC-3),1
Vought-Sikorsky VS-44,1
Boeing 767-3Q8ER,1
McDonnell Douglas DC-8-61F,1
Lockheed Hercules C.3P (C-130K),1
Curtiss TC-46A,1
Boeing 737-497,1
Boeing 777-312ER,1
Douglas DC-3-194C,1
Boeing 737-296,1
Bombardier CL-600-2D24 Regional Jet CRJ-900ER,1
Douglas EC-47D (DC-3),1
Airbus A340-642X,1
Airbus A300B4-120,1
Airbus A300B4-605R ?,1
Grumman American G-1159 Gulfstream II B,1
Cessna 560XLS+ Citation XLS+,1
Convair CV-440-80,1
Lockheed Martin KC-130J,1
Junkers JuG-1W (G.24),1
McDonnell Douglas KC-10A Extender,1
Handley Page HPR-7 Herald 207,1
McDonnell Douglas DC-8-62H-AF,1
Lockheed L-1011 TriStar 250,1
Lockheed P-3C-II.75 Orion,1
Caproni Ca.48,1
Boeing 757-3E7,1
Boeing EC-135J,1
Convair CV-440-88,1
Douglas DC-3-201A,1
British Aerospace 3202 Jetstream 32,1
Handley Page HPR.1 Marathon 1A,1
Britten-Norman BN-2B-20 Islander,1
Fairchild AC-119G Flying Boxcar,1
Pilatus Britten-Norman BN-2A-21 Islander,1
Boeing 737-95R,1
Focke-Wulf Fw 200C-4,1
Boeing 737-8AS,1
Beechcraft 99,1
Douglas C-47A-25-DL Dakota C.3,1
Convair CV-580-11-A,1
Boeing 727-230F,1
IRMA/Britten-Norman BN-2A-20 Islander,1
HAL/Dornier 228-101,1
Fairchild C-82 Packet,1
Lockheed Learstar 1,1
Boeing 727-78,1
Douglas DC-3-277A,1
Embraer EMB-135BJ Legacy 600,1
Boeing 707-337C,1
Lockheed RC-121C Super Constellation,1
Douglas CC-129 Dakota (DC-3),1
Vickers 813 Viscount,1
Ford 6-AT-AS Tri-Motor,1
Boeing 707-321F,1
Boeing 767-269ER,1
Martin P5B Marlin,1
Boeing 747-267B,1
Antonov An-74TK-200,1
Boeing 737-5U3,1
CASA C-212 Aviocar 300DF,1
Boeing 747-281BSF,1
Boeing 727-30C,1
BAC One-Eleven 518FG,1
Boeing 737-282 Adv.,1
Douglas AC-47/Basler 67,1
Vickers VC10-1100,1
Rausch Super 18 Hudstar,1
Boeing 707-358B,1
Convair CV-340-68,1
Handley Page HPR-7 Herald 201,1
GAF Nomad N.24,1
Lockheed SP-2 Neptune,1
Vickers 668 Varsity,1
Lockheed C-56B-LO Lodestar,1
Boeing 727-228F,1
Handley Page HP-137 Jetstream T.2,1
Convair VT-29C (CV-240),1
Convair CV-240-5,1
Boeing 737-85R (WL),1
Boeing 747-45EF,1
Boeing 777-281,1
Boeing 737-3G7,1
Boeing KC-97G-26-BO Stratofreighter,1
Douglas TC-47A (DC-3),1
Dornier 228,1
Douglas C-47A-80-DL Skytrain (DC-3),1
Consolidated Liberator C.VII (C-87),1
Douglas DC-3-270B,1
Boeing 747-212BSF,1
de Havilland Canada C-7A Caribou (DHC-4),1
Lockheed C-130M Hercules,1
Convair CV-340-70,1
Yakovlev Yak-40FG,1
Avro 748-106 Srs. 1A,1
Raytheon U-125 (Hawker 800),1
Douglas C-47A-15-DL Skytrain,1
IAI 1125 Astra,1
Lockheed NC-130F Hercules,1
Boeing C-97G-26-BO Stratofreighter,1
Douglas R3D-2 (DC-5),1
Vickers Valetta T.4,1
SNCAC (Farman) NC.223.4,1
Lockheed L-1011-385-3 TriStar 500,1
Douglas C-50A-DO (DC-3),1
Nord 262A-32,1
McDonnell Douglas DC-9-32CF,1
Boeing 737-2K2C,1
Lioré-et-Olivier H.246.1,1
Douglas R4D-2 (DC-3),1
Douglas DC-3A-399,1
Ford 5-AT-DS Tri-Motor,1
Fokker F-28 Fellowship 3000R,1
NAMC YS-11M-A-624,1
Gulfstream GV-SP (G550),1
Short S.25 Sunderland 5,1
British Aerospace BAe-125-600B,1
Boeing 747-228B (SCD),1
Pilatus Britten-Norman BN-2B-20 Islander,1
Douglas C-54E-1-DO Skymaster,1
Boeing 737-85P,1
British Aerospace BAe-748-501 Srs. 2B,1
Boeing 737-248C,1
Boeing RC-135E Rivet Amber,1
Aero Spacelines 377MGT Mini Guppy Turbine,1
Boeing 747-246F,1
Boeing 727-82C,1
GAF Nomad N.22BFP,1
Hawker Siddeley HS-748-226 Srs. 2,1
Douglas DC-3-313D,1
British Aerospace BAe-125-800SP,1
Douglas C-47A-DL,1
Boeing 737-46J,1
Boeing 727-193,1
Douglas R5D Skymaster (DC-4),1
Boeing 727-2J0,1
Ford Tri-Motor,1
Curtiss C-46A-45-CU,1
Vickers 759D Viscount,1
Boeing 737-270C,1
British Aerospace BAe-748-402 Srs. 2B,1
Douglas C-47A-25-DK Skytrain,1
Hawker Siddeley HS-125-400A,1
Convair CV-240-27,1
Douglas VC-117A,1
BAC One-Eleven 208AL,1
Hindustan Aeronautics Ltd. HAL-748-247 Srs. 2,1
Hawker Siddeley BH-125-400A,1
Lockheed R5O-3 (Lodestar),1
Lockheed 414 Hudson III,1
Boeing KC-97G-28-BO Stratofreighter,1
Boeing 747-409,1
Convair CV-340,1
British Aerospace BAe-748-FAA Srs. 2B,1
Airbus A300B4-620 ?,1
Hawker Siddeley C-91 (HS-748-281 Srs. 2A LFD),1
Beechcraft Hawker BH-125-600A,1
Dornier CD-01A Seastar,1
Douglas DC-2-115K,1
Douglas C-47A-10-DK (DC-3D),1
Boeing S.307B Stratoliner,1
Lockheed P2V-6M Neptune,1
Embraer ERJ-190AR,1
Pilatus Britten-Norman BN-2B Islander,1
Douglas DC-3-294A,1
Boeing 727-2D3 Adv.,1
Boeing 767-283ER,1
Junkers Ju-90V1,1
Boeing-Canada PB2B-1 Canso B,1
McDonnell Douglas DC-9-15MC,1
Lockheed EP-3E Orion,1
Consolidated Tp 47 Canso (PBY-5A),1
Short S.25 Sandringham 7,1
Hawker Siddeley HS-748-287 Srs. 2B,1
Boeing 737-330,1
North-American Rockwell T-39N Sabreliner,1
Vickers 769D Viscount,1
Airbus A340-311,1
Convair VC-131H Samaritan (CV-580),1
de Havilland Canada DHC-6 Twin Otter 200HG,1
Douglas C-47B-10-DK Dakota 4,1
Boeing KC-97G-28-BO Stratotanker,1
Douglas C-34 (DC-2),1
Aérospatiale / BAC Concorde 102,1
Beechcraft B300 King Air 350i,1
Boeing 737-270,1
ATR 72-500 (72-212A),1
Rockwell Sabreliner 40,1
BAC One-Eleven 200AB,1
Bristol 175 Britannia C.1,1
Douglas C-47C,1
Lockheed 18-56 Learstar 1,1
Boeing KC-97F Stratofreighter,1
Embraer C-95C Bandeirante (EMB-110P2),1
Boeing 747-258F,1
Cessna 525 CitationJet CJ1+,1
Douglas DC-3-194,1
Douglas R5D-4 (DC-4),1
Junkers F.24k2ay (G.24),1
Boeing 767-3Z9ER,1
Ilyushin Il-12L,1
Douglas R5D-4 (C-54E),1
Vickers 657 Viking 1,1
Lockheed PV-2T Harpoon,1
Vickers 808 Viscount,1
Felixstowe Fury,1
Douglas EC-47Q (DC-3),1
Beechcraft 200 King Air,1
Pilatus Britten-Norman BN-2T Islander AL.1,1
Kaiser-Frazer AC-119G Shadow,1
Boeing 767-34AF,1
Douglas C-47A-75-DL Dakota 3,1
Tupolev ANT-20bis,1
Vickers VC10-1102,1
Baade 152,1
Boeing 707-3B5C,1
Douglas Dakota C.3 (DC-3),1
Avro 689 Tudor 2,1
Airbus A340-642,1
Fairchild FH-227,1
Hawker Siddeley HS-748-215 Srs. 2A,1
Boeing 777-328ER,1
Douglas DC-2-152,1
Boeing 747-243B,1
IRMA/Pilatus Britten-Norman BN-2 Islander,1
Boeing 757-2B7 (WL),1
Boeing 737-3Z6,1
NAMC YS-11A-212,1
Douglas C-54D-15-DC Skymaster (DC-4),1
Carstedt Jet Liner 600A,1
Boeing XC-97,1
Boeing C-97L Stratofreighter,1
Boeing E-3C Sentry (707-300),1
Boeing 737-31B,1
Piaggio PD.808TP,1
IRMA/Pilatus Britten-Norman BN-2A-26 Islander,1
Boeing 747-131F,1
Rockwell CT-39G Sabreliner,1
Fairchild C-82A-15-FA Packet,1
Boeing 737-201 Adv.,1
Vickers 610 Viking 3B,1
British Aerospace BAe-748-353 Srs. 2A,1
BAC One-Eleven 523FJ,1
Boeing 737-236A,1
British Aerospace BAe-146-200QT,1
Nord 262C-66,1
Lockheed AC-130E Spectre,1
Convair CV-240-53 (C-131A),1
Nord 262A-34,1
Boeing 737-49R,1
de Havilland DH-125-3A,1
Dornier Do 128-6MPA Turbo Skyservant,1
Vickers 739B Viscount,1
Ilyushin Il-14 ?,1
Douglas C-47A-80-DL Skytrain,1
Fairchild C-123B-8-FA Provider,1
Antonov An-140-100,1
de Havilland Canada DHC-8-110,1
Boeing 727-294,1
Sud-Aviation SE-210 Caravelle VIR,1
Cessna 560 Citation Encore+,1
de Havilland Canada DHC-8-103B,1
Airbus A300B4-220,1
Fokker F-28 Fellowship 3000RC,1
British Aerospace 3216 Jetstream 32,1
Boeing 737-75B,1
Douglas Dakota (DC-3),1
Savoia-Marchetti SM-95B,1
Boeing 737-209,1
Handley Page HPR-7 Herald 204,1
Boeing 707-312B,1
CASA C-212A-27 Aviocar 200,1
CASA C-212 Aviocar 400MPA,1
Lockheed C-60B Lodestar,1
Boeing 747-209BSF,1
Lockheed Lodestar II (C-60),1
Boeing 737-800,1
Fokker F.32,1
Douglas C-54E-1-DO Skymaster (DC-4),1
Ilyushin Il-96-300,1
Douglas DC-8-52F,1
Grumman G-1159 Gulfstream II SP,1
Boeing 727-51C,1
Vickers 781D Viscount,1
Beriev Be-30,1
Boeing 737-3L9,1
Douglas VC-54G (DC-4),1
Boeing 747-281F (SCD),1
North American T-39D Sabreliner,1
Boeing 767-3W0ER,1
Douglas EC-47N,1
Douglas EC-54U (DC-4),1
CASA C-212-CC40 Aviocar 200,1
Boeing 727-282,1
Fairchild C-119C-18-FA Flying Boxcar,1
Boeing 737 or 757,1
IPTN/CASA CN-235M-VIP,1
British Aerospace BAe-125 CC3 (HS-125-700),1
Airbus A310-324ET,1
Boeing 737-85C (WL),1
McDonnell Douglas MD-87,1
IRMA/Pilatus Britten-Norman BN-2B-26 Islander,1
Canadair CL-600-2C10 Regional Jet CRJ-702ER,1
Boeing 737-8AL,1
Dassault Falcon 20F-5,1
Boeing 727-51,1
McDonnell Douglas DC 10-10,1
Airbus A320 ?,1
Gulfstream G650ER,1
Douglas DC-2,1
Learjet 40,1
Boeing 757-2Z0,1
Boeing 737-36M,1
Vickers 720C Viscount,1
Boeing 767-260ER,1
Embraer ERJ 190-100 STD (ERJ-190STD),1
Potez 621,1
Lockheed C-130D-6 Hercules,1
Lockheed HC-130P Hercules,1
Lockheed C-130J Super Hercules,1
Dewoitine D.342,1
Vickers 823 Viscount,1
Lockheed L-049-46 Constellation,1
Douglas C-54B-DC (DC-4),1
BAC One-Eleven 501EX,1
Let L-410AF,1
Douglas C-49J-DO,1
Focke-Wulf Fw 200KB-1,1
Boeing 737-347 (SF),1
Boeing 747SP-86,1
British Aerospace 3212 Jetstream 32EP,1
Avro 691 Lancastrian B.3,1
Sikorsky S-42A,1
Boeing 777-237LR,1
Boeing 737-269,1
Lockheed L-1329-23E JetStar 8,1
Boeing 747-2B3F (SCD),1
Bombardier CRJ-900ER (CL-600-2D24) Regional Jet,1
British Aerospace BAe-748-310 Srs. 2A LFD,1
NAMC YS-11A-300F,1
Douglas C-47A-10-DK (DC-3C),1
Airbus A319-132,1
de Havilland Canada DHC-3T Cox Turbine Otter,1
de Havilland Canada DHC-8-401 Q400,1
Douglas C-47A-30-DK,1
British Aerospace BAe-748-435 Srs. 2B,1
Boeing 737-529,1
Douglas Super R4D-8 (DC-3S),1
Douglas C-47B-35-DL (DC-3),1
Shorts SC.7 Skyvan 3,1
Boeing 767-332ER,1
Convair CV-440-35,1
Lockheed CC-130H(T) Hercules,1
Lockheed C-141C Starlifter,1
Boeing 737-36N,1
Lockheed L-049E-46 Constellation,1
Boeing 747-312,1
Hawker Siddeley HS-125-400,1
Boeing 727-2J0 Adv.,1
Beechcraft B99A,1
Embraer EMB-145MP (ERJ-145MP),1
Lockheed OP-3C Orion,1
CASA C-207C (T.7) Azor,1
Douglas C-49F-DO (DC-3),1
Airbus A400M Atlas,1
Boeing T-43A (737),1
Boeing 747-271C (SCD),1
Dornier 228-200,1
Boeing 747-236B,1
Bombardier BD-700-1A10 Global Express XRS,1
ATECO Westwind II,1
Ford 4-AT-F Tri-Motor,1
Douglas C-49H,1
Ilyushin Il-18Gr,1
de Havilland DH-106 Comet 3B,1
Dewoitine D.332,1
Junkers G.31ce,1
Vickers 807 Viscount,1
Douglas DC-3-314,1
Britten-Norman BN-2A-6R Islander,1
Hawker Siddeley HS-748-231 Srs. 2,1
Boeing 737-8FB (WL),1
Airbus A310-325,1
Boeing-Canada PB2B-1 Catalina IVB,1
Beechcraft 65-B80 Queen Air,1
Grumman American G-1159 Gulfstream II TT,1
Pilatus Britten Norman BN2A-26 Islander,1
Embraer KC-390,1
Douglas C-47E,1
Vickers 952 Vanguard,1
Lockheed CP-140 Aurora,1
Embraer ERJ-145MP,1
Junkers G.24bi,1
Embraer ERJ 170-200 LR (ERJ-175LR),1
British Aerospace BAe-748-329 Srs. 2A LFD,1
Avcen Jetpod,1
Douglas C-47A-10-DK Skytrain,1
Antonov An-26Sh,1
Lascurain No.4 Aura,1
Curtiss C-46A-1-CK Commando,1
Boeing 737-58E,1
Britten-Norman BN-2A-21 Defender,1
Douglas C-47A-DK Skytrain,1
Convair CV-340-54,1
de Havilland DH-114 Sea Heron C.1,1
Douglas C-47E (DC-3),1
Consolidated PB4Y-2 Super Privateer,1
Boeing 737-86N,1
Antonov TR-301,1
Lioré-et-Olivier H.246,1
Convair CV-340-71,1
Vickers 621 Viking 1,1
Boeing 80A,1
Antonov An-30D,1
Fairchild C-119F-FA Flying Boxcar,1
de Havilland Canada DHC-7-102 (O-5A),1
PZL-Mielec M28TD Bryza 2RF,1
Douglas C-47B-30-DK Dakota 4,1
Nord 262A-42,1
Boeing 720B,1
Lockheed C-60 Lodestar,1
Boeing 737-2H7C,1
Fairchild AC-119G Shadow,1
Boeing 737-300,1
Vickers 836 Viscount,1
Junkers Ju-52/3mba,1
Caproni Ca.60 Noviplano,1
Beechcraft C-12A Huron (A200 Super King Air),1
Boeing 737-76N,1
Vickers 816 Viscount,1
Douglas DC-3-229,1
Curtiss C-46A-41-CU Commando,1
Tupolev Tu-154S,1
Convair CV-440F SCD,1
CASA C-212-A62 Aviocar 200,1
Sud Aviation SE-210 Caravelle I,1
Lockheed C-140A-LM JetStar,1
Boeing 727-287,1
Boeing 747-238B,1
Boeing 707-369C,1
Convair CV-340-32,1
Douglas AC-47A,1
Douglas EC-47A,1
PZL-Mielec C-145A (M28-05) Skytruck,1
Boeing 757-25C,1
NAMC YS-11A-214,1
Boeing 747-228F,1
Boeing 737-2L9,1
CASA/Nurtanio NC-212-M Aviocar 200,1
Beechcraft A200 Super King Air,1
Douglas DC-3A-197E,1
Boeing 777-268,1
Beriev Be-200ES,1
Consolidated PBY-6A Super Catalina,1
Let L-410UVP-E4,1
Airbus A330-323X,1
Cessna C-98 Caravan I (208A),1
Handley Page W.8b,1
ATR 42-600,1
McDonnell Douglas MD-11C,1
Antonov An-8RU,1
Douglas DC-3A-228,1
Hawker Siddeley HS-748-108 Srs. 2A,1
Martin JRM-1 Mars,1
Grumman American G-1159 Gulfstream II SP,1
Douglas C-53B Skytrooper (DC-3),1
Douglas DC-3A-269C,1
Boeing 767-241ER,1
Convair CV-340 or CV-440,1
Ford C-4A (5-AT-D) Tri-Motor,1
Hawker Siddeley HS-748-212 Srs. 2,1
Vickers VC10 C.1K,1
Armstrong Whitworth AW-650 Argosy 102,1
North American T-39N Sabreliner,1
Martin P5M-2 Marlin,1
Boeing 777-367ER,1
Consolidated Catalina III,1
Airbus A300?,1
Airbus A310-300,1
Lockheed C-60A-5-LO Lodestar (18-56),1
Boeing 747-306M,1
Douglas DC-3-270,1
Let L-410UVP-E10A,1
Boeing 757-2Q8,1
Boeing 737-809,1
Lockheed KC-130J Hercules,1
Embraer XC-95B Bandeirante (EMB-110),1
Boeing 727-171C,1
Junkers G.24li,1
Vickers Viking C.2,1
Shaanxi Yunshuji Y-8B,1
Tupolev ANT-20 Maxim Gorky,1
Douglas DC-3-197,1
Cessna UC-35A (Cessna 560 Citation V Ultra),1
IPTN/CASA CN-235-220,1
IAI Arava 101,1
Beechcraft C-12C Huron (A200 Super King Air),1
Hawker Siddeley VC-93 (HS-125-3B/RC),1
Boeing 747SP-09,1
Vickers 952F Vanguard,1
Douglas AC-47B (DC-3),1
CASA C-212-AB10 Aviocar 300,1
Boeing 747-406,1
Kalinin K-7,1
Airbus A300F4-605R,1
ATR 42-200,1
Antonov An-12RR,1
Vickers 702 Viscount,1
Douglas MC-54M (DC-4),1
Boeing 737-3M8,1
Douglas C-47A-75-DL (DC-3A),1
Ilyushin Il-76MD Adnan-1,1
Boeing RC-135S Cobra Ball II,1
Douglas DC-3A-197C,1
North American CT-39E Sabreliner,1
Boeing 707-385C,1
Convair CV-990 Coronado,1
Yakovlev Yak-40A,1
McDonnell Douglas DC-10-10CF,1
Lockheed C-141A-10-LM Starlifter,1
Yakovlev Yak-40KD,1
Ilyushin Il-20M,1
Douglas  Dakota III (DC-3),1
GAF Nomad N.22SL,1
Boeing 747-4R7F,1
Airbus A310-204,1
Boeing 737-260,1
Douglas DC-8-31,1
Pilatus Britten-Norman BN-2B-20 Islander,1
Douglas DC-4 (C-54A-15-DC),1
Junkers Ju-52/3mbe,1
Lockheed KC-130R Hercules,1
Boeing 717-2K9,1
Lockheed C-130H-MP Hercules,1
Short S.25 Sunderland III,1
Shaanxi Y-8F-200W,1
North American Rockwell Sabreliner 40A,1
Boeing 737-476 (SF),1
Consolidated LB.30 Liberator II,1
Savoia-Marchetti SM-95C,1
Beechcraft 300 King Air (MARSS),1
British Aerospace BAe-748-402 LFD Srs. 2B,1
Macchi C.100,1
Lockheed R5O-5 (Lodestar),1
Lockheed L-1049G-82 Super Constellation,1
McDonnell Douglas DC-8-63AF,1
Douglas XC-32 (DC-2),1
McDonnell Douglas DC-8-62AF,1
Douglas C-50-DO (DC-3),1
Harbin Yunshuji Y-12,1
Consolidated Liberator C Mk VI,1
British Aerospace Nimrod R.1P,1
Consolidated Catalina IB,1
Douglas C-47A-25-DK (DC-3A),1
Let L-410UVP-E20C,1
Boeing 767-34AFER (WL),1
Douglas DC-8-32,1
Boeing 707-3J6C,1
Consolidated 28-2 Catalina,1
Northrop YC-125A Raider,1
Convair CV-340-35,1
Kawasaki C-1A,1
Hawker Siddeley DH-125-3A,1
Boeing 747-200,1
Vickers 626 Viking C Mk. 2,1
Boeing 757-258ER,1
Boeing 757-24APF,1
Hawker Siddeley HS-125-403B,1
Lockheed L-749 Constellation (VC-121B),1
Boeing 737-306,1
Junkers G.31ba,1
Convair CV-240-17,1
Convair CV-240-53,1
NAMC YS-11-102,1
Fokker F.XII,1
Grumman TC-4C (G-159 Gulfstream I),1
Beechcraft B200 Catpass 250,1
Douglas DC-3S,1
Boeing 737-881 (WL),1
Douglas C-47A-25-DK Skytrain (DC-3),1
Lockheed C-130A-II Hercules,1
Douglas DC-6F,1
Sabca (Handley Page) W.8B,1
Boeing 727-61,1
Hawker Siddeley HS-748-230 Srs. 2,1
Farman F.180T,1
Douglas C-118A Liftmaster (DC-6A),1
British Aerospace BAe-748-314 Srs. 2A,1
Fairchild C-119C-26-FA Flying Boxcar,1
CASA C-212-A2 Aviocar 100,1
CASA C-212-DE Aviocar 200,1
Boeing 727-214,1
Douglas DC-3-268B,1
Curtiss C-46R-1 Commando,1
Britten-Norman BN-2A Islander,1
Swearingen SA227-DC Metro 23 (C-26B),1
Douglas C-133A-5-DL Cargomaster,1
British Aerospace BAe-748-399 LFD Srs. 2B,1
Boeing 737-204C,1
Lockheed L-749-79 Constellation,1
Boeing 717-23S,1
Douglas R5D (DC-4),1
Lockheed P-3C-II.5 Orion,1
Boeing 737-3B7SF,1
Vickers 644 Viking 1B,1
Douglas C-47B-35-DK Dakota IVM,1
Learjet 40XR,1
Douglas C-48C (DC-3),1
BAC One-Eleven 529FR,1
CASA C-212-S1 Aviocar 100,1
NAMC YS-11A-205,1
Beechcraft Beechjet 400,1
Lioré et Olivier 212,1
Douglas XC-47C-DL (DC-3),1
PZL MD-12,1
Douglas DC-8-55,1
de Havilland Canada DHC-8-315 Q300,1
Boeing 757-21K,1
Convair R4Y-1Z (CV-340),1
Short S.8/1 Calcutta,1
Beechcraft B300 King Air 350,1
Junkers Ju-52/3mg6e,1
Douglas C-49H (DC-3-194B),1
Lockheed WC-121N Super Constellation,1
Boeing 747-228F (SCD),1
de Havilland Canada CC-108 Caribou,1
Boeing 727-276 Adv.,1
Douglas C-133A-30-DL Cargomaster,1
Douglas DC-2-172,1
Lockheed 18-40 Lodestar,1
Fairchild C-123B-22-FA Provider,1
Canadair CL-600-2B19 Regional Jet CRJ-100,1
NAMC YS-11-500R,1
Dassault Falcon 900C,1
Boeing 737-112,1
Douglas C-47B-1-DL (DC-3C),1
Canadair CC-144A Challenger 601,1
Lockheed EC-121T Super Constellation,1
Beechcraft B200GT King Air,1
de Havilland Canada C-7 Caribou (DHC-4),1
Dassault Falcon 900B,1
Airbus A321-213,1
Ilyushin Il-78,1
Vickers 663 Viscount,1
de Havilland Canada DHC-8-101,1
Alenia G-222,1
Handley Page W.9a Hampstead,1
Boeing KC-97F-50-BO Stratofreighter,1
Britten-Norman BN-2T Turbine Islander,1
Fairchild C-119C-14-FA Flying Boxcar,1
Douglas C-47B-35-DK Dakota 3,1
Douglas C-47A-10-DK Dakota 3 (DC-3),1
Boeing 747-2U3BSF,1
Tupolev Tu-144S,1
Boeing 737-6D6,1
Avro Shackleton AEW.2,1
IPTN/CASA CN-235MP-100M,1
Short S.25 Sunderland,1
Boeing C-97C-35-BO Stratofreighter,1
Hawker Siddeley HS-748-215 Srs. 2,1
Boeing 707-465,1
Curtiss C-46T Commando,1
Lockheed C-57 Lodestar,1
IAI 1126 Galaxy,1
Boeing 757-23N,1
Tupolev Tu-204-100V,1
Boeing 737-205,1
Lockheed L-749-79-46 Constellation,1
Boeing 747-44AF (SCD),1
NAMC YS-11A-219,1
Ilyushin Il-76MD Simorgh,1
Alenia G-222RM,1
Boeing 737-76J (WL),1
Douglas TC-47D (DC-3),1
Boeing 707-344C,1
Douglas C-49J-DO (DC-3-454),1
Boeing 767-231ER,1
Bristol 175 Britannia 302,1
Boeing 747-2H7B (SCD),1
Boeing 747-230F (SCD),1
Boeing 727-44,1
Airbus A321,1
Boeing 747SP-21,1
Bristol 175 Britannia 312F,1
Lockheed P2V-7S Neptune,1
Douglas C-47B-2-DK (DC-3),1
Douglas DST-144 (DC-3),1
Curtiss C-46A-50-CU,1
BAC One-Eleven 320AZ,1
Bristol 170 Wayfarer IIA,1
Boeing 737-86N (WL),1
Douglas C-54G-1-DO Skymaster,1
Boeing 720-040B,1
de Havilland Canada YAC-1 Caribou,1
Douglas DC-3A-197B,1
Douglas C-47-DK (DC-3),1
ATR 42-500 ?,1
de Havilland Canada DHC-8-300,1
SNCASO S.O.95M Corse III,1
Boeing 737-2V2,1
Boeing 737-2A9C,1
PZL-Mielec M28-05 Skytruck,1
Consolidated PA-10 Catalina (PBY-5),1
Boeing KC-97G-27-BO Stratofreighter,1
Antonov An-30A,1
IRMA/Pilatus Britten-Norman BN-2A-9 Islander,1
Boeing 727-155C,1
Higgins Boat Co. C-46A-1-HI Commando,1
Dassault Falcon 200,1
Boeing 757-251,1
Embraer EMB-120ER,1
Boeing 727-2M7F,1
NAMC YS-11A-600,1
Douglas C-54A-10-DC Skymaster,1
Boeing 767-3P6ER,1
NAMC YS-11A-301,1
Boeing 737-2K5,1
Boeing 737-3W0,1
Vickers 170 Vanguard,1
Airbus A321-271N,1
Boeing 747-258C,1
Junkers G.31de,1
Junkers F.24kay (G.24),1
Spartan Ventura,1
Fokker F-28 Fellowship,1
Airbus A310-304ET,1
Boeing 747-2D7B,1
Hawker Siddeley HS-748-208 Srs. 2A,1
Tupolev Tu-124Sh,1
Douglas C-47B-30-DK Dakota 6,1
SNCAC NC.211 Cormoran,1
Yakovlev Yak-40EC,1
Boeing 737-241,1
ShinMaywa US-2,1
Boeing 737-490,1
Fairchild C-82A-5-FA Packet,1
Hawker Siddeley HS-748-264 Srs.2A,1
Bristol 175 Britannia 101,1
Bristol 170 Freighter XI,1
Cessna UC-35D Citation Encore,1
Lockheed YP2V-7 Neptune,1
Douglas C-47A-50-DL Dakota C.3,1
Shorts SC.7 Skyvan,1
IRMA/Britten-Norman BN-2A-8 Islander,1
McDonnell Douglas MD-82,1
Grumman G-111 Albatross,1
Boeing 737-2D6,1
Boeing 737-38J,1
Fairchild R4Q-1 Flying Boxcar (C-119C),1
de Havilland Canada DHC-7-103,1
Shorts Sunderland IIIa,1
Hawker Siddeley HS-748-239 Srs. 2A,1
Howard 250 Tri-Gear,1
Lockheed L-049-46-25 Constellation,1
Boeing 737-73V,1
Junkers G.31fo,1
Douglas C-49G (DC-3),1
Boeing 727-82,1
Fokker F-27 Friendship 300M,1
Dornier 328 ?,1
McDonnell Douglas DC-8-63PF,1
Boeing 747-121SF,1
Boeing 777-3B5,1
Douglas C-53C Skytrooper (DC-3),1
de Havilland DH-125-1A/522,1
Boeing 737-244,1
Lockheed B14-S Super Electra,1
Martin PBM-3S Mariner,1
Nord 262E,1
Hawker Siddeley HS-748-206 Andover CC2,1
Douglas DC-8-33AF,1
Boeing 707-3F9C,1
Boeing 707-121B,1
Fokker F-28 Fellowship 1000C,1
Boeing 377 Stratocruiser 10-28,1
Boeing KC-97G-29-BO Stratofreighter,1
Avro 688 Tudor 1,1
Boeing 727-232F,1
Boeing 757-225,1
Boeing 737-3A4,1
Boeing 737-8GK (WL),1
Lockheed L-749A-79-33 Constellation,1
Handley Page HP-137 Jetstream III,1
Lockheed L-749A Constellation (VC-121B),1
McDonnell Douglas DC-9-31F,1
Lockheed 18-50-01 Lodestar,1
Boeing 377 Stratocruiser 10-34,1
Grumman SHU-16B Albatross,1
Douglas DC-8-11,1
Douglas DC-3A-453,1
McDonnell Douglas DC-9-33CF,1
Ford XB-906 (Tri-Motor),1
Avro 642 Eighteen,1
Douglas C-47B-13-DK (DC-3),1
Fokker 70,1
Curtiss C-46A-CU Commando,1
unknown jetliner,1
Handley Page HP.82 Hermes V,1
Boeing KC-135 Stratotanker,1
Junkers Ju-352 Herkules,1
Spectrum Aeronautical Spectrum 33,1
Hawker Siddeley HS-748-285 Srs. 2A,1
IAI Arava 102,1
Boeing 747 or 777,1
Boeing 737-8FH (WL),1
Fairchild C-82A-10-FA Packet,1
PZL An-28,1
Britten-Norman BN-2A-8 Islander,1
Douglas DC-9-15F,1
Lockheed MC-130E Combat Talon I,1
Beechcraft LR-2 (B300 Super King Air 350),1
Aérospatiale SN.600 Corvette,1
Douglas DC-3-217B,1
Douglas C-49G-DO,1
Boeing EC-135N,1
Consolidated PB4Y-2 Privateer,1
Douglas DC-3-216,1
Beechcraft 300/F Super King Air,1
Boeing 777-340ER,1
Nord 262D-51 Frégate,1
Lockheed TC-121C Super Constellation,1
Boeing 737-4Q8 (SF),1
Boeing 737-8F2,1
Curtiss B-2 Condor (Condor 18),1
NAMC YS-11A-621,1
Boeing 767-338ER (WL),1
Cessna AC-208B Combat Caravan,1
Consolidated OA-10 Catalina (PBY-5),1
Lockheed L-049E Constellation,1
Junkers G.38gi/fi,1
Learjet 60XR,1
Vickers 627 Viking 1B,1
Boeing 727-023,1
IRMA/Pilatus Britten-Norman BN-2B-20 Islander,1
Douglas C-47A-50-DL  (DC-3),1
Lockheed 14-N2 Super Electra,1
Boeing 314,1
Boeing 777-246ER,1
Boeing 737-924ER (WL),1
Douglas DC-3 (R4D-4),1
Mitusbishi Mu-300-10 Diamond II,1
Douglas R4D-8L (Super DC-3),1
Boeing 727-224 Adv.,1
Douglas C-47B-45-DK (DC-3D),1
British Aerospace BAe-748-347 Srs. 2A,1
Lockheed EC-130G Hercules,1
Bristol 170 Freighter I,1
Hawker Siddeley HS-748-230 Srs. 2A,1
Curtiss YC-30 Condor II,1
Boeing 720-027,1
British Aerospace BAe-748-371 LFD Srs. 2B,1
CASA CN-235M-300,1
Douglas DC-3-227B,1
Focke-Wulf Fw 200D-2,1
Convair CV-990-30A-6 Coronado,1
Hawker Siddeley HS-748-272 Srs. 2A,1
Boeing 727-134,1
Boeing 737-322 (WL),1
Canadair CL-215-6B11 (CL-215T),1
BAC One-Eleven 516FP,1
de Havilland Canada DHC-8-102 Dash 8,1
Boeing 737-9B5,1
Lockheed L-1011-385-1 TriStar 1,1
Shijiazhuang Y-5B,1
Tupolev Tu-144D,1
Boeing 737-317,1
British Aerospace 4121 Jetstream 41,1
Boeing 737-53C,1
Vickers 953C Vanguard,1
Boeing KC-97 Stratofreighter,1
Cessna 208B Caravan I,1
Boeing 747SR-81,1
Douglas DC-3B-202A,1
Lockheed 18-10 Lodestar I,1
Boeing 747-121 (SCD),1
Convair VT-29A (CV-240),1
Short S.23 Empire Flying Boat Mk II,1
Lockheed AC-130J Ghostrider,1
Junkers Ju-52/3mg7e,1
Antonov An-148-100E,1
Boeing 767-381ER,1
Junkers G.38di,1
Ilyushin 18B,1
Fairchild UC-123B-6-FA Provider,1
Vickers Super VC10-1154,1
Douglas DC-8-43F,1
Consolidated PBY-5A Catalina,1
Vickers 630 Viscount,1
Boeing 737-3T5,1
IAI 1124 Westwind,1
Boeing 737-9GPER (WL),1
Consolidated Catalina IIIA,1
Douglas DC-3-194H,1
Boeing EC-135C,1
Breguet 763,1
Douglas C-47H,1
Boeing 707-372C,1
Consolidated KM-2 (PBN-1 Nomad),1
Boeing 737-217 Adv,1
Tupolev Tu-134Sh2,1
IRMA/Britten-Norman BN-2B-26 Islander,1
Nord 262A-27,1
Potez-CAMS 161,1
Boeing 737-76N (WL),1
Fiat G.212PW,1
Boeing 757-2K2,1
Dornier 328JET-300,1
Lockheed C-130F Hercules,1
Rockwell Sabreliner 75,1
Douglas C-47A-35-DK (DC-3),1
Ilyushin Il-114T,1
Canadair CC-144A Challenger 600,1
Ilyushin Il-14LIK,1
Vickers 620 Viking 1,1
Vickers 833 Viscount,1
Boeing 767-38EER,1
Vickers 651 Valetta C.1,1
Airbus A340-212,1
Boeing 707-368C,1
Boeing 707-430,1
Boeing 720-059B,1
Boeing 737-2A6,1
CASA C-212-A3 Aviocar 100,1
Boeing 707-387C,1
Douglas C-32A (DC-2-120),1
Boeing 777-2B5ER,1
Handley Page W.8,1
Boeing 737-401,1
Canadair CL-600-2C10 Regional Jet CRJ-702,1
Douglas VC-54Q (DC-4),1
Douglas C-47B-6-DK (DC-3),1
Consolidated P4Y-2G Privateer,1
Lockheed 18 Lodestar I,1
Embraer ERJ 190-200 LR  (ERJ-195LR),1
Boeing 737-500 ?,1
Embraer EMB-550 Legacy 500,1
Airbus A319-115 (WL),1
Boeing 747-130,1
Douglas C-54B-1-DO (DC-4),1
Douglas C-50A (DC-3-401),1
Lockheed R7V-2 Super Constellation,1
Lockheed EC-130Q Hercules,1
Sikorsky S-43W,1
Nord 262A-24,1
Hurel-Dubois HD.321,1
Boeing 757-223 (WL),1
Shorts SC.7 Skyvan 3A-200,1
Boeing 747-121A,1
Boeing 727-25F,1
de Havilland DH-114 Prinair Heron 2,1
McDonnell-Douglas DC-10-30CF,1
Nord 2502B Noratlas,1
Douglas C-47B,1
Boeing 737-3K9,1
Douglas C-49A (DC-3),1
Boeing 720-051B,1
Junkers R-42 (G.24),1
Boeing 777-28EER,1
Douglas DC-3A-178,1
Bushmaster 2000,1
Douglas C-47A-90-DL (DC-3A),1
Vickers 779D Viscount,1
IPTN/CASA CN-235M-10,1
Douglas DC-3R,1
Boeing 767-338ER,1
Boeing 747-123F (SCD),1
Vickers 808C Viscount,1
SNCASE SE.161/1 Languedoc,1
Naval Aircraft Factory PBN-1 Nomad,1
Shaanxi KJ-200 (Y-8),1
Douglas DC-3-277,1
Boeing 747-131,1
Consolidated C-12 Commodore (16-2),1
Fairchild R4Q Flying Boxcar (C-119),1
Fairchild HC-123B,1
Boeing 707-344,1
Boeing 757-23A,1
Vickers 773 Viscount,1
Boeing 727-27C,1
Beechcraft 34 Twin Quad,1
Douglas C-54R (DC-4),1
Avro 688 Tudor 4B,1
Douglas DC-3-191A,1
Boeing 737-732 (WL),1
Antonov An-148-100B,1
Convair CV-440-98F,1
de Havilland DH-114 Prinair Heron 2B,1
Dornier 228-212K,1
Boeing 767-2B7ER,1
Douglas C-47B-20-DK Dakota 4MFP,1
Airbus A340-313X,1
Boeing 720-022,1
Boeing 737-8CT (WL),1
Shorts SC.7 Skyvan 2-102,1
Mohawk 298 (Nord 262),1
Nord 262C-62,1
Junkers Ju-52/3mg.e,1
Douglas C-47A-1-DK (DC-3C),1
Boeing 767-323,1
Mitusbishi Mu-300 Diamond I,1
Avro RJ70,1
Boeing RC-135T Rivet Dandy,1
Focke-Wulf Fw 200A-0,1
Swearingen SA226-AT Metro III,1
Boeing 737-7Q8 (WL),1
Howard Cargo Harpoon,1
Boeing 727-231F Super 27,1
Saab 2000 AEW&C,1
de Havilland Canada DHC-6 Twin Otter 320,1
Boeing 737-33V,1
Douglas DC-3-362,1
Embraer EMB-145EP (ERJ-145EP),1
Britten-Norman BN-2A Trislander Mk.III-3,1
Douglas LC-47A (DC-3),1
Boeing 737-301,1
Douglas C-53C (DC-3),1
Nord 262A-33,1
Junkers Ju-52/3mreo,1
Antonov An-74TK-300,1
Lockheed KC-130T Hercules,1
Vickers 818 Viscount,1
Boeing KC-97L Stratotanker,1
Dornier Do-128-G92 Turbo Skyservant,1
Boeing 727-2J0 (F) Adv.,1
Boeing 747-132SF,1
Junkers Ju-52/1mcai,1
Lockheed C-130H2 Hercules,1
Douglas C-47A-30-DK Dakota IIIR,1
Learjet 24XR,1
British Aerospace 3201 Jetstream 31,1
Boeing 707-3D3C,1
Douglas C-54D-1-DC Skymaster (DC-4),1
Britten-Norman BN-2B-27 Islander,1
Fairchild C-119C-21-FA Flying Boxcar,1
Boeing C-97 Stratofreighter,1
Antonov An-30A-100,1
Douglas DC-3-196,1
Fairchild C-119C-23-FA Flying Boxcar,1
Douglas C-47A-DL (DC-3C),1
Airbus A380-842,1
Douglas C-47B Dakota IV (DC-3),1
Tupolev Tu-134 ?,1
Douglas DC-4 Swingtail,1
de Havilland Canada DHC-8-315 Dash 8,1
Handley Page HPR-7 Herald 100,1
Boeing 737-883,1
de Havilland Canada CC-115 Buffalo,1
Pilatus Britten-Norman BN-2A-20 Islander,1
Douglas DC-3-220B,1
Honda HA-420 HondaJet,1
de Havilland DH-125-1,1
Boeing 747-228B,1
Boeing 727-2F2F,1
Douglas C-118 (DC-6B),1
Consolidated OA-10 Catalina,1
Douglas DC-3-294,1
Douglas DST-318 (DC-3),1
Boeing 737-297,1
Consolidated P4Y-2B Privateer,1
Boeing 727-1F8,1
Consolidated P4Y-2G Super Privateer,1
Bristol 175 Britannia 314,1
Potez 840,1
Hawker Siddeley HS-748-225 Srs. 2A,1
Lockheed WV-3 Super Constellation,1
Lockheed L-049-46-28 Constellation,1
Ilyushin Il-20,1
Gulfstream G550,1
Avia 14-40,1
Boeing 737-82R,1
Airbus A300B4-605R(F),1
Fiat G.12LGA,1
Boeing 737-3K2,1
Douglas SC-47A (DC-3),1
Junkers Ju-52/3m ge,1
Boeing 747-3B5,1
Boeing 727-2K3,1
Ilyushin Il-22M15,1
VFW/Fokker VFW.614,1
British Aerospace 3109 Jetstream 31,1
Junkers Ju-52/3mho,1
Vickers C-90 Viscount (742D),1
Lockheed C-57B-LO Lodestar,1
NAMC YS-11A-217,1
Convair CV-240-8,1
Airbus A330-223F,1
Boeing 727-225F,1
Sukhoi Superjet 100-95,1
Douglas C-47A-75-DL (DC-3C),1
Let L-410UVP-E19A,1
Boeing 747-428FER,1
Lockheed C-141A-20-LM Starlifter,1
Swearingen SA227-CC Metro 23,1
Boeing 767-323ER (WL),1
Boeing 747-437,1
Boeing E-6A Hermes,1
Boeing,1
Douglas DC-3-314B,1
Douglas DC-3A-375,1
Airbus A300B2-202,1
Hawker Siddeley HS-748-246 Srs. 2A,1
Douglas JC-47A,1
Beechcraft C-12F Huron  (A200CF Super King Air),1
Britten-Norman BN-2 Defender,1
Hawker Siddeley HS-748-234 Srs. 2,1
Fairchild C-119L Flying Boxcar,1
Douglas C-47M (DC-3),1
Boeing 707-3J6B,1
Douglas DC-3-392,1
Fairchild C-119C-16-FA Flying Boxcar,1
Boeing 747SP-94,1
Bristol 175 Britannia 301,1
Douglas HC-54D (DC-4),1
Douglas C-50B (DC-3-397),1
Dassault Falcon 50EX,1
Boeing 737-2T5,1
Convair CV-340-49,1
Douglas LC-117D,1
MBB HFB-320ECM Hansa Jet,1
Nord 262A-25,1
Hawker Siddeley HS-780 Andover CC.2,1
Boeing 727-2A7,1
Boeing RC-135V Rivet Joint,1
Handley Page HP.68 Hermes 1,1
British Aerospace BAe-748-352 Srs. 2B SCD,1
Grumman HU-16A Albatross,1
de Havilland Canada DHC-4 Caribou,1
Boeing 727-22F,1
Dassault Falcon 20,1
Junkers G.31fi,1
Boeing 737-2C0,1
Hawker Siddeley HS-748-FAA Srs. 2A,1
Vickers 760D Viscount,1
Lockheed HC-130H7 Hercules,1
Douglas C-48A (DC-3C ),1
Boeing 767-281,1
Boeing 747SP-27,1
Boeing 707-309C,1
Lockheed 414-08-10 Hudson IV,1
Short Sunderland Mk II,1
British Aerospace BAe-748-372 Srs. 2B,1
Antonov An-140,1
Antonov An-12TP-2,1
Douglas DC-3A-438,1
Douglas DC-2-199,1
Embraer ERJ-170LR (ERJ-170-100 LR),1
Convair HC-131A (CV-240),1
Boeing 767-38E,1
McDonnell Douglas DC-9-33F,1
Douglas C-52C (DC-3-402),1
Hawker Siddeley HS-748-254 Srs. 2A,1
Boeing 737-219,1
Boeing 737-8Q8 (WL),1
Canadair CL-600-2B19 Regional Jet CRJ-440LR,1
Lockheed 18-56A Lodestar,1
Lockheed P-3C-III Orion,1
Junkers Ju-52/3mlu,1
Douglas DC-2-115J,1
Douglas C-47B-1-DK Skytrain,1
Douglas C-49F-DO,1
Douglas C-47A-40-DL Skytrain,1
Douglas RC-47D,1
Excel-Jet Sport-Jet,1
de Havilland Canada CSR-123 Otter (DHC-3),1
Douglas DC-2A-127,1
Bristol 175 Britannia 313,1
Boeing 747-428BCF,1
Vickers 835 Viscount,1
Douglas DC-3-232A,1
Embraer VC-97 Brasilia (EMB-120RT),1
IRMA/Pilatus Britten-Norman BN-2B-26 Islander,1
Lockheed P-3F Orion,1
Short L.17 Scylla,1
Boeing 757-232 (WL),1
Boeing 727-222A,1
Embraer R-95 Bandeirante (EMB-110B),1
Convair CV-990-30A-8 Coronado,1
Canadair CL-44D4,1
Canadair CL-600-2B19 Regional Jet CRJ-100SE,1
Boeing 720-025,1
Boeing 727-22QC,1
Dassault Falcon 20C-5,1
Grob G.180A SPn,1
Lockheed 414-56-11 Hudson,1
Boeing 727-89,1
Convair CV-240-53 (HC-131A),1
Douglas C-47A-80-DL (DC-3C),1
Lockheed L-1049D Super Constellation,1
Bristol 175 Britannia 308F,1
British Aerospace 3101 Jetstream 31EP,1
McDonnell Douglas DC-8-61CF,1
Convair CV-240,1
SNCASO S.O.93 Corse,1
Douglas C-54D-10-DC Skymaster (DC-4),1
Douglas C-47A-20-DK (DC-3C),1
Dassault Falcon 2000EX,1
Fairchild C-123B-11-FA Provider,1
Douglas C-32A (DC-2),1
Boeing 727-173C,1
Boeing 737-8H6 (WL),1
Martin P5A Marlin,1
Boeing 767-324ER (WL),1
Boeing 747-2U3B,1
Handley Page Jetstream T.1,1
de Havilland DH-114 Riley Heron 2E/A1,1
IAI Arava 202,1
Hawker Siddeley HS-125-1A-731,1
